IDfg,Season,Name,Age,PA,wRC+
5677,2014,A.J. Ellis,33,347,73
5677,2013,A.J. Ellis,32,448,94
5677,2012,A.J. Ellis,31,505,117
746,2014,A.J. Pierzynski,37,362,71
746,2015,A.J. Pierzynski,38,436,111
746,2011,A.J. Pierzynski,34,500,92
746,2010,A.J. Pierzynski,33,503,80
746,2012,A.J. Pierzynski,35,520,119
746,2013,A.J. Pierzynski,36,529,90
9256,2019,A.J. Pollock,31,342,107
9256,2021,A.J. Pollock,33,422,137
9256,2018,A.J. Pollock,30,460,110
9256,2017,A.J. Pollock,29,466,103
9256,2013,A.J. Pollock,25,482,98
9256,2022,A.J. Pollock,34,527,92
9256,2015,A.J. Pollock,27,673,131
11270,2017,Aaron Altherr,26,412,120
5297,2023,Aaron Hicks,33,312,109
5297,2013,Aaron Hicks,23,313,62
5297,2017,Aaron Hicks,27,361,128
5297,2016,Aaron Hicks,26,361,64
5297,2015,Aaron Hicks,25,390,96
5297,2022,Aaron Hicks,32,453,89
5297,2018,Aaron Hicks,28,581,129
6104,2015,Aaron Hill,33,353,70
6104,2013,Aaron Hill,31,362,124
6104,2016,Aaron Hill,34,429,90
6104,2014,Aaron Hill,32,541,77
6104,2011,Aaron Hill,29,571,77
6104,2010,Aaron Hill,28,580,77
6104,2012,Aaron Hill,30,668,133
15640,2019,Aaron Judge,27,447,141
15640,2023,Aaron Judge,31,458,172
15640,2018,Aaron Judge,26,498,150
15640,2021,Aaron Judge,29,633,150
15640,2017,Aaron Judge,25,678,174
15640,2022,Aaron Judge,30,696,206
1844,2011,Aaron Miles,34,490,86
254,2011,Aaron Rowand,33,351,74
254,2010,Aaron Rowand,32,357,78
19844,2022,Abraham Toro,25,352,63
19844,2021,Abraham Toro,24,375,94
13769,2019,Adalberto Mondesi,23,443,81
319,2011,Adam Dunn,31,496,60
319,2014,Adam Dunn,34,511,114
319,2013,Adam Dunn,33,607,107
319,2010,Adam Dunn,30,648,136
319,2012,Adam Dunn,32,649,115
10950,2022,Adam Duvall,33,315,88
10950,2023,Adam Duvall,34,353,116
10950,2018,Adam Duvall,29,427,69
10950,2021,Adam Duvall,32,555,101
10950,2016,Adam Duvall,27,608,104
10950,2017,Adam Duvall,28,647,96
11205,2018,Adam Eaton,29,370,123
11205,2014,Adam Eaton,25,538,118
11205,2019,Adam Eaton,30,656,108
11205,2015,Adam Eaton,26,689,121
11205,2016,Adam Eaton,27,706,117
15082,2017,Adam Engel,25,336,39
15082,2018,Adam Engel,26,463,68
15223,2018,Adam Frazier,26,352,116
15223,2017,Adam Frazier,25,454,97
15223,2023,Adam Frazier,31,455,93
15223,2022,Adam Frazier,30,602,82
15223,2019,Adam Frazier,27,608,97
15223,2021,Adam Frazier,29,639,113
6368,2019,Adam Jones,33,528,87
6368,2015,Adam Jones,29,581,111
6368,2018,Adam Jones,32,613,98
6368,2011,Adam Jones,25,618,109
6368,2010,Adam Jones,24,621,105
6368,2017,Adam Jones,31,635,106
6368,2016,Adam Jones,30,672,98
6368,2014,Adam Jones,28,682,117
6368,2013,Adam Jones,27,689,119
6368,2012,Adam Jones,26,697,127
19,2010,Adam Kennedy,34,389,80
19,2011,Adam Kennedy,35,409,75
1904,2015,Adam LaRoche,35,484,77
1904,2014,Adam LaRoche,34,586,127
1904,2013,Adam LaRoche,33,590,102
1904,2010,Adam LaRoche,30,615,104
1904,2012,Adam LaRoche,32,647,127
8027,2017,Adam Lind,33,301,120
8027,2014,Adam Lind,30,318,142
8027,2012,Adam Lind,28,353,95
8027,2016,Adam Lind,32,430,93
8027,2013,Adam Lind,29,521,132
8027,2011,Adam Lind,27,542,95
8027,2015,Adam Lind,31,572,120
8027,2010,Adam Lind,26,613,89
9682,2017,Adam Rosales,34,312,58
14106,2017,Addison Russell,23,385,85
14106,2018,Addison Russell,24,465,80
14106,2015,Addison Russell,21,523,90
14106,2016,Addison Russell,22,598,95
10459,2018,Adeiny Hechavarria,29,321,68
10459,2017,Adeiny Hechavarria,28,348,84
10459,2015,Adeiny Hechavarria,26,499,89
10459,2016,Adeiny Hechavarria,27,547,59
10459,2014,Adeiny Hechavarria,25,574,84
10459,2013,Adeiny Hechavarria,24,578,56
26288,2022,Adley Rutschman,24,470,135
26288,2023,Adley Rutschman,25,687,127
19287,2021,Adolis Garcia,28,622,99
19287,2023,Adolis Garcia,30,632,126
19287,2022,Adolis Garcia,29,657,112
13777,2016,Adonis Garcia,31,563,89
639,2017,Adrian Beltre,38,389,133
639,2018,Adrian Beltre,39,481,97
639,2011,Adrian Beltre,32,525,135
639,2014,Adrian Beltre,35,614,142
639,2015,Adrian Beltre,36,619,109
639,2016,Adrian Beltre,37,640,127
639,2010,Adrian Beltre,31,641,140
639,2012,Adrian Beltre,33,654,142
639,2013,Adrian Beltre,34,690,135
1908,2016,Adrian Gonzalez,34,633,111
1908,2013,Adrian Gonzalez,31,641,124
1908,2015,Adrian Gonzalez,33,643,129
1908,2014,Adrian Gonzalez,32,660,129
1908,2012,Adrian Gonzalez,30,684,116
1908,2010,Adrian Gonzalez,28,693,142
1908,2011,Adrian Gonzalez,29,715,155
22168,2023,Akil Baddoo,24,357,89
22168,2021,Akil Baddoo,22,461,108
14109,2017,Albert Almora Jr.,23,323,104
14109,2019,Albert Almora Jr.,25,363,62
14109,2018,Albert Almora Jr.,24,479,90
1177,2022,Albert Pujols,42,351,148
1177,2013,Albert Pujols,33,443,112
1177,2018,Albert Pujols,38,498,88
1177,2019,Albert Pujols,39,545,90
1177,2017,Albert Pujols,37,636,77
1177,2016,Albert Pujols,36,650,110
1177,2011,Albert Pujols,31,651,147
1177,2015,Albert Pujols,35,661,114
1177,2012,Albert Pujols,32,670,133
1177,2014,Albert Pujols,34,695,123
1177,2010,Albert Pujols,30,700,164
3336,2014,Alberto Callaspo,31,451,69
3336,2013,Alberto Callaspo,30,516,99
3336,2012,Alberto Callaspo,29,520,98
3336,2011,Alberto Callaspo,28,536,109
3336,2010,Alberto Callaspo,27,601,82
6310,2021,Alcides Escobar,34,349,102
6310,2018,Alcides Escobar,31,531,59
6310,2010,Alcides Escobar,23,552,62
6310,2011,Alcides Escobar,24,598,70
6310,2014,Alcides Escobar,27,620,93
6310,2017,Alcides Escobar,30,629,61
6310,2013,Alcides Escobar,26,642,49
6310,2012,Alcides Escobar,25,648,97
6310,2015,Alcides Escobar,28,662,66
6310,2016,Alcides Escobar,29,682,69
21618,2021,Alec Bohm,24,417,76
21618,2023,Alec Bohm,26,611,106
21618,2022,Alec Bohm,25,631,98
27615,2023,Alec Burleson,24,347,88
15937,2017,Aledmys Diaz,26,301,78
15937,2021,Aledmys Diaz,30,319,97
15937,2022,Aledmys Diaz,31,327,97
15937,2023,Aledmys Diaz,32,344,71
15937,2018,Aledmys Diaz,27,452,101
15937,2016,Aledmys Diaz,25,460,132
3371,2015,Alejandro De Aza,31,365,105
3371,2014,Alejandro De Aza,30,528,97
3371,2012,Alejandro De Aza,28,585,106
3371,2013,Alejandro De Aza,29,675,99
22581,2023,Alejandro Kirk,24,422,96
22581,2022,Alejandro Kirk,23,541,129
23792,2023,Alek Thomas,23,402,70
23792,2022,Alek Thomas,22,411,71
12926,2018,Alen Hanson,25,310,87
7476,2010,Alex Avila,23,333,81
7476,2017,Alex Avila,30,376,125
7476,2013,Alex Avila,26,379,92
7476,2012,Alex Avila,25,434,104
7476,2014,Alex Avila,27,457,98
7476,2011,Alex Avila,24,551,140
17678,2021,Alex Bregman,27,400,114
17678,2017,Alex Bregman,23,626,123
17678,2022,Alex Bregman,28,656,137
17678,2019,Alex Bregman,25,690,167
17678,2018,Alex Bregman,24,705,157
17678,2023,Alex Bregman,29,724,126
19296,2023,Alex Call,28,439,74
12649,2021,Alex Dickerson,31,312,98
520,2011,Alex Gonzalez,34,593,75
520,2010,Alex Gonzalez,33,640,96
5209,2015,Alex Gordon,31,422,122
5209,2016,Alex Gordon,32,506,86
5209,2017,Alex Gordon,33,541,62
5209,2018,Alex Gordon,34,568,89
5209,2019,Alex Gordon,35,633,95
5209,2014,Alex Gordon,30,643,120
5209,2011,Alex Gordon,27,690,140
5209,2013,Alex Gordon,29,700,104
5209,2012,Alex Gordon,28,721,126
20325,2023,Alex Kirilloff,25,319,119
5305,2012,Alex Presley,26,370,86
2090,2015,Alex Rios,34,411,72
2090,2014,Alex Rios,33,521,93
2090,2011,Alex Rios,30,570,60
2090,2010,Alex Rios,29,617,109
2090,2012,Alex Rios,31,640,126
2090,2013,Alex Rios,32,662,105
1274,2011,Alex Rodriguez,35,428,125
1274,2012,Alex Rodriguez,36,529,113
1274,2010,Alex Rodriguez,34,595,125
1274,2015,Alex Rodriguez,39,620,129
17027,2019,Alex Verdugo,23,377,112
17027,2023,Alex Verdugo,27,602,98
17027,2021,Alex Verdugo,25,604,106
17027,2022,Alex Verdugo,26,644,102
5133,2016,Alexei Ramirez,34,506,63
5133,2012,Alexei Ramirez,30,621,72
5133,2015,Alexei Ramirez,33,622,74
5133,2010,Alexei Ramirez,28,626,95
5133,2014,Alexei Ramirez,32,657,100
5133,2013,Alexei Ramirez,31,674,88
5133,2011,Alexei Ramirez,29,684,97
9063,2012,Alexi Amarista,23,300,85
9063,2015,Alexi Amarista,26,357,48
9063,2013,Alexi Amarista,24,396,75
9063,2014,Alexi Amarista,25,466,70
5248,2012,Alexi Casilla,27,326,63
5248,2011,Alexi Casilla,26,365,90
847,2011,Alfonso Soriano,35,508,100
847,2010,Alfonso Soriano,34,548,114
847,2012,Alfonso Soriano,36,615,117
847,2013,Alfonso Soriano,37,626,115
3433,2014,Allen Craig,29,505,68
3433,2012,Allen Craig,27,514,137
3433,2013,Allen Craig,28,563,134
15518,2023,Amed Rosario,27,545,87
15518,2021,Amed Rosario,25,588,102
15518,2018,Amed Rosario,22,592,85
15518,2019,Amed Rosario,23,655,101
15518,2022,Amed Rosario,26,670,104
6265,2014,Andre Ethier,32,380,99
6265,2015,Andre Ethier,33,445,137
6265,2011,Andre Ethier,29,551,122
6265,2013,Andre Ethier,31,553,120
6265,2010,Andre Ethier,28,585,132
6265,2012,Andre Ethier,30,618,123
10847,2019,Andrelton Simmons,29,424,78
10847,2021,Andrelton Simmons,31,451,58
10847,2016,Andrelton Simmons,26,483,90
10847,2014,Andrelton Simmons,24,576,71
10847,2015,Andrelton Simmons,25,583,81
10847,2018,Andrelton Simmons,28,600,106
10847,2017,Andrelton Simmons,27,647,102
10847,2013,Andrelton Simmons,23,658,91
19950,2022,Andres Gimenez,23,557,141
19950,2023,Andres Gimenez,24,616,96
1488,2013,Andres Torres,35,300,85
1488,2011,Andres Torres,33,398,87
1488,2012,Andres Torres,34,434,88
1488,2010,Andres Torres,32,570,125
17901,2022,Andrew Benintendi,27,521,121
17901,2021,Andrew Benintendi,26,538,104
17901,2019,Andrew Benintendi,24,615,100
17901,2023,Andrew Benintendi,28,621,87
17901,2017,Andrew Benintendi,22,658,102
17901,2018,Andrew Benintendi,23,661,123
9847,2023,Andrew McCutchen,36,473,114
9847,2021,Andrew McCutchen,34,574,108
9847,2022,Andrew McCutchen,35,580,98
9847,2014,Andrew McCutchen,27,648,169
9847,2017,Andrew McCutchen,30,650,122
9847,2010,Andrew McCutchen,23,653,124
9847,2012,Andrew McCutchen,25,673,158
9847,2013,Andrew McCutchen,26,674,156
9847,2016,Andrew McCutchen,29,675,105
9847,2011,Andrew McCutchen,24,678,130
9847,2018,Andrew McCutchen,31,682,121
9847,2015,Andrew McCutchen,28,685,144
1159,2017,Andrew Romine,31,348,66
26197,2021,Andrew Vaughn,23,469,93
26197,2022,Andrew Vaughn,24,555,113
26197,2023,Andrew Vaughn,25,615,103
14196,2022,Andrew Velazquez,27,349,49
96,2010,Andruw Jones,33,328,121
19455,2023,Andruw Monasterio,26,315,88
6453,2012,Andy Dirks,26,344,132
6453,2013,Andy Dirks,27,484,90
18819,2023,Andy Ibanez,30,383,104
2918,2013,Angel Pagan,31,305,116
2918,2014,Angel Pagan,32,413,111
2918,2011,Angel Pagan,29,532,93
2918,2016,Angel Pagan,34,543,102
2918,2015,Angel Pagan,33,551,78
2918,2010,Angel Pagan,28,633,108
2918,2012,Angel Pagan,30,659,115
3492,2011,Angel Sanchez,27,328,66
5097,2015,Anthony Gose,24,535,89
12861,2015,Anthony Rendon,25,355,97
12861,2013,Anthony Rendon,23,394,100
12861,2018,Anthony Rendon,28,597,140
12861,2017,Anthony Rendon,27,605,141
12861,2019,Anthony Rendon,29,646,155
12861,2016,Anthony Rendon,26,647,110
12861,2014,Anthony Rendon,24,683,130
3473,2012,Anthony Rizzo,22,368,117
3473,2023,Anthony Rizzo,33,421,97
3473,2022,Anthony Rizzo,32,548,131
3473,2021,Anthony Rizzo,31,576,114
3473,2019,Anthony Rizzo,29,613,140
3473,2014,Anthony Rizzo,24,616,155
3473,2018,Anthony Rizzo,28,665,126
3473,2016,Anthony Rizzo,26,676,145
3473,2013,Anthony Rizzo,23,690,105
3473,2017,Anthony Rizzo,27,691,134
3473,2015,Anthony Rizzo,25,701,145
14551,2019,Anthony Santander,24,405,97
14551,2021,Anthony Santander,26,438,92
14551,2022,Anthony Santander,27,647,122
14551,2023,Anthony Santander,28,656,119
27647,2023,Anthony Volpe,22,601,82
1002,2013,Aramis Ramirez,35,351,130
1002,2010,Aramis Ramirez,32,507,94
1002,2015,Aramis Ramirez,37,516,93
1002,2014,Aramis Ramirez,36,531,109
1002,2011,Aramis Ramirez,33,626,134
1002,2012,Aramis Ramirez,34,630,139
10711,2014,Arismendy Alcantara,22,300,72
4962,2021,Asdrubal Cabrera,35,352,83
4962,2010,Asdrubal Cabrera,24,425,88
4962,2019,Asdrubal Cabrera,33,514,98
4962,2017,Asdrubal Cabrera,31,540,112
4962,2015,Asdrubal Cabrera,29,551,104
4962,2013,Asdrubal Cabrera,27,562,92
4962,2016,Asdrubal Cabrera,30,568,120
4962,2018,Asdrubal Cabrera,32,592,111
4962,2012,Asdrubal Cabrera,26,616,112
4962,2014,Asdrubal Cabrera,28,616,94
4962,2011,Asdrubal Cabrera,25,667,119
1213,2011,Aubrey Huff,34,579,89
1213,2010,Aubrey Huff,33,668,144
19363,2021,Austin Hays,25,529,106
19363,2023,Austin Hays,27,566,112
19363,2022,Austin Hays,26,582,107
12976,2021,Austin Hedges,28,312,42
12976,2018,Austin Hedges,25,326,90
12976,2022,Austin Hedges,29,338,43
12976,2019,Austin Hedges,26,347,48
12976,2017,Austin Hedges,24,417,69
9848,2017,Austin Jackson,30,318,129
9848,2018,Austin Jackson,31,375,73
9848,2015,Austin Jackson,28,527,94
9848,2013,Austin Jackson,26,614,108
9848,2012,Austin Jackson,25,617,134
9848,2014,Austin Jackson,27,656,86
9848,2011,Austin Jackson,24,668,87
9848,2010,Austin Jackson,23,675,101
332,2010,Austin Kearns,30,461,108
15672,2019,Austin Meadows,24,591,144
15672,2021,Austin Meadows,26,591,112
15941,2022,Austin Nola,32,397,89
18360,2021,Austin Riley,24,662,136
18360,2022,Austin Riley,25,693,144
18360,2023,Austin Riley,26,715,128
16153,2021,Austin Slater,28,306,103
16153,2022,Austin Slater,29,325,124
5760,2022,Avisail Garcia,31,380,61
5760,2018,Avisail Garcia,27,385,92
5760,2016,Avisail Garcia,25,453,88
5760,2021,Avisail Garcia,30,515,115
5760,2019,Avisail Garcia,28,530,113
5760,2017,Avisail Garcia,26,561,138
5760,2015,Avisail Garcia,24,601,86
12160,2019,Ben Gamel,27,356,87
12160,2021,Ben Gamel,29,400,99
12160,2022,Ben Gamel,30,423,95
12160,2017,Ben Gamel,25,550,99
9741,2015,Ben Paulsen,27,354,99
4712,2017,Ben Revere,29,308,76
4712,2013,Ben Revere,25,336,92
4712,2016,Ben Revere,28,375,46
4712,2011,Ben Revere,23,481,70
4712,2012,Ben Revere,24,553,86
4712,2014,Ben Revere,26,626,93
4712,2015,Ben Revere,27,634,98
7435,2017,Ben Zobrist,36,496,83
7435,2018,Ben Zobrist,37,520,123
7435,2015,Ben Zobrist,34,535,122
7435,2016,Ben Zobrist,35,631,124
7435,2014,Ben Zobrist,33,654,117
7435,2010,Ben Zobrist,29,655,100
7435,2012,Ben Zobrist,31,668,137
7435,2011,Ben Zobrist,30,674,130
7435,2013,Ben Zobrist,32,698,114
24,2010,Bengie Molina,35,416,65
1605,2010,Bill Hall,30,382,104
12701,2016,Billy Burns,26,332,51
12701,2015,Billy Burns,25,555,102
7399,2015,Billy Butler,29,601,98
7399,2014,Billy Butler,28,603,96
7399,2013,Billy Butler,27,668,117
7399,2011,Billy Butler,25,673,119
7399,2010,Billy Butler,24,678,133
7399,2012,Billy Butler,26,679,139
10199,2019,Billy Hamilton,28,353,49
10199,2015,Billy Hamilton,24,454,53
10199,2016,Billy Hamilton,25,460,78
10199,2018,Billy Hamilton,27,556,68
10199,2014,Billy Hamilton,23,611,79
10199,2017,Billy Hamilton,26,633,65
15654,2021,Billy McKinney,26,300,73
7485,2010,Blake DeWitt,24,496,92
25805,2023,Blake Sabol,25,344,91
13176,2015,Blake Swihart,23,309,93
19612,2023,Bo Bichette,25,601,124
19612,2021,Bo Bichette,23,690,122
19612,2022,Bo Bichette,24,697,129
945,2011,Bobby Abreu,37,585,104
945,2010,Bobby Abreu,36,667,119
19966,2022,Bobby Dalbec,27,353,80
19966,2021,Bobby Dalbec,26,453,106
25764,2022,Bobby Witt Jr.,22,632,98
25764,2023,Bobby Witt Jr.,23,694,114
1885,2010,Brad Hawpe,31,346,92
12775,2013,Brad Miller,23,335,106
12775,2021,Brad Miller,31,377,106
12775,2017,Brad Miller,27,407,84
12775,2014,Brad Miller,24,411,87
12775,2015,Brad Miller,25,497,105
12775,2016,Brad Miller,26,601,111
16221,2017,Bradley Zimmer,24,332,79
16221,2021,Bradley Zimmer,28,348,91
629,2014,Brandon Barnes,28,313,83
629,2013,Brandon Barnes,27,445,75
10264,2021,Brandon Belt,33,381,159
10264,2023,Brandon Belt,35,404,138
10264,2017,Brandon Belt,29,451,119
10264,2018,Brandon Belt,30,456,107
10264,2012,Brandon Belt,24,472,119
10264,2015,Brandon Belt,27,556,132
10264,2013,Brandon Belt,25,571,140
10264,2019,Brandon Belt,31,616,98
10264,2016,Brandon Belt,28,655,136
5343,2023,Brandon Crawford,36,320,62
5343,2022,Brandon Crawford,35,458,87
5343,2012,Brandon Crawford,25,476,81
5343,2021,Brandon Crawford,34,549,140
5343,2013,Brandon Crawford,26,550,93
5343,2019,Brandon Crawford,32,560,73
5343,2015,Brandon Crawford,28,561,113
5343,2014,Brandon Crawford,27,564,101
5343,2017,Brandon Crawford,30,570,86
5343,2018,Brandon Crawford,31,594,93
5343,2016,Brandon Crawford,29,623,104
15214,2019,Brandon Dixon,27,420,87
11615,2019,Brandon Drury,26,447,66
11615,2017,Brandon Drury,24,480,92
11615,2016,Brandon Drury,23,499,102
11615,2023,Brandon Drury,30,523,114
11615,2022,Brandon Drury,29,568,123
2636,2016,Brandon Guyer,30,345,121
2636,2015,Brandon Guyer,29,385,120
470,2011,Brandon Inge,34,303,49
470,2012,Brandon Inge,35,331,80
470,2010,Brandon Inge,33,580,92
18882,2019,Brandon Lowe,24,327,127
18882,2023,Brandon Lowe,28,436,116
18882,2021,Brandon Lowe,26,615,136
20202,2022,Brandon Marsh,24,461,90
20202,2023,Brandon Marsh,25,472,125
4467,2017,Brandon Moss,33,401,83
4467,2016,Brandon Moss,32,464,105
4467,2013,Brandon Moss,29,505,137
4467,2015,Brandon Moss,31,526,93
4467,2014,Brandon Moss,30,580,122
12927,2021,Brandon Nimmo,28,386,135
12927,2018,Brandon Nimmo,25,535,148
12927,2022,Brandon Nimmo,29,673,132
12927,2023,Brandon Nimmo,30,682,130
791,2014,Brandon Phillips,33,499,88
791,2016,Brandon Phillips,35,584,92
791,2017,Brandon Phillips,36,604,91
791,2012,Brandon Phillips,31,623,101
791,2015,Brandon Phillips,34,623,97
791,2013,Brandon Phillips,32,666,90
791,2011,Brandon Phillips,30,675,122
791,2010,Brandon Phillips,29,687,104
3231,2015,Brayan Pena,33,367,83
3231,2014,Brayan Pena,32,372,77
24679,2023,Brendan Donovan,26,371,118
24679,2022,Brendan Donovan,25,468,127
17907,2021,Brendan Rodgers,24,415,98
17907,2022,Brendan Rodgers,25,581,94
6073,2013,Brendan Ryan,31,349,47
6073,2012,Brendan Ryan,30,470,61
6073,2010,Brendan Ryan,28,486,55
6073,2011,Brendan Ryan,29,494,84
914,2011,Brennan Boesch,26,472,116
914,2012,Brennan Boesch,27,503,77
914,2010,Brennan Boesch,25,512,96
6402,2011,Brent Morel,24,444,75
19627,2023,Brent Rooker,28,526,126
25479,2023,Brenton Doyle,25,431,45
26123,2023,Brett Baty,23,389,67
9927,2021,Brett Gardner,37,461,95
9927,2019,Brett Gardner,35,550,115
9927,2010,Brett Gardner,26,569,112
9927,2011,Brett Gardner,27,588,97
9927,2013,Brett Gardner,29,609,109
9927,2018,Brett Gardner,34,609,91
9927,2016,Brett Gardner,32,634,96
9927,2014,Brett Gardner,30,636,112
9927,2015,Brett Gardner,31,656,106
9927,2017,Brett Gardner,33,682,110
5247,2016,Brett Lawrie,26,384,95
5247,2013,Brett Lawrie,23,442,95
5247,2012,Brett Lawrie,22,536,97
5247,2015,Brett Lawrie,25,602,94
8434,2011,Brett Wallace,24,379,95
18289,2023,Brian Anderson,30,361,86
18289,2022,Brian Anderson,29,383,85
18289,2019,Brian Anderson,26,520,114
18289,2018,Brian Anderson,25,670,113
4719,2012,Brian Bogusevic,28,404,66
9810,2012,Brian Dozier,25,340,63
9810,2019,Brian Dozier,32,482,100
9810,2013,Brian Dozier,26,623,99
9810,2018,Brian Dozier,31,632,90
9810,2016,Brian Dozier,29,691,132
9810,2015,Brian Dozier,28,704,102
9810,2017,Brian Dozier,30,705,126
9810,2014,Brian Dozier,27,707,117
12858,2019,Brian Goodwin,28,458,106
4810,2019,Brian McCann,35,316,88
4810,2017,Brian McCann,33,399,103
4810,2013,Brian McCann,29,402,122
4810,2012,Brian McCann,28,487,87
4810,2016,Brian McCann,32,492,102
4810,2011,Brian McCann,27,527,122
4810,2015,Brian McCann,31,535,106
4810,2014,Brian McCann,30,538,94
4810,2010,Brian McCann,26,566,123
166,2014,Brian Roberts,36,348,86
22186,2023,Brice Turang,23,448,61
9345,2016,Brock Holt,28,324,87
9345,2018,Brock Holt,30,367,110
9345,2014,Brock Holt,26,492,97
9345,2015,Brock Holt,27,509,99
19600,2022,Bryan De La Cruz,25,355,99
19600,2023,Bryan De La Cruz,26,626,90
5462,2012,Bryan LaHair,29,380,110
19326,2019,Bryan Reynolds,24,546,130
19326,2022,Bryan Reynolds,27,614,123
19326,2023,Bryan Reynolds,28,640,109
19326,2021,Bryan Reynolds,26,646,140
11579,2014,Bryce Harper,21,395,115
11579,2022,Bryce Harper,29,426,139
11579,2017,Bryce Harper,24,492,155
11579,2013,Bryce Harper,20,497,137
11579,2023,Bryce Harper,30,546,143
11579,2012,Bryce Harper,19,597,121
11579,2021,Bryce Harper,28,599,170
11579,2016,Bryce Harper,23,627,111
11579,2015,Bryce Harper,22,654,197
11579,2019,Bryce Harper,26,682,124
11579,2018,Bryce Harper,25,695,135
26294,2022,Bryson Stott,24,466,84
26294,2023,Bryson Stott,25,640,101
9166,2010,Buster Posey,23,443,134
9166,2019,Buster Posey,32,445,84
9166,2018,Buster Posey,31,448,106
9166,2021,Buster Posey,34,454,141
9166,2017,Buster Posey,30,568,128
9166,2013,Buster Posey,26,595,135
9166,2014,Buster Posey,27,605,142
9166,2012,Buster Posey,25,610,164
9166,2016,Buster Posey,29,614,114
9166,2015,Buster Posey,28,623,135
14161,2016,Byron Buxton,22,331,86
14161,2023,Byron Buxton,29,347,97
14161,2022,Byron Buxton,28,382,135
14161,2017,Byron Buxton,23,511,92
12546,2017,C.J. Cron,27,373,98
12546,2015,C.J. Cron,25,404,104
12546,2016,C.J. Cron,26,445,114
12546,2019,C.J. Cron,29,499,101
12546,2021,C.J. Cron,31,547,125
12546,2018,C.J. Cron,28,560,124
12546,2022,C.J. Cron,32,632,103
21534,2022,Cal Raleigh,25,415,122
21534,2023,Cal Raleigh,26,569,113
7087,2015,Caleb Joseph,29,355,88
5223,2010,Cameron Maybin,23,322,78
5223,2018,Cameron Maybin,31,384,88
5223,2016,Cameron Maybin,29,391,121
5223,2017,Cameron Maybin,30,450,87
5223,2015,Cameron Maybin,28,555,93
5223,2012,Cameron Maybin,25,561,87
5223,2011,Cameron Maybin,24,568,105
11146,2017,Cameron Rupp,28,331,84
11146,2016,Cameron Rupp,27,419,98
1201,2014,Carl Crawford,32,370,120
1201,2013,Carl Crawford,31,469,108
1201,2011,Carl Crawford,29,539,83
1201,2010,Carl Crawford,28,663,135
15197,2017,Carlos Asuaje,25,343,88
589,2014,Carlos Beltran,37,449,97
589,2017,Carlos Beltran,40,509,76
589,2015,Carlos Beltran,38,531,119
589,2016,Carlos Beltran,39,593,122
589,2011,Carlos Beltran,34,598,152
589,2013,Carlos Beltran,36,600,131
589,2012,Carlos Beltran,35,619,124
14162,2019,Carlos Correa,24,321,142
14162,2015,Carlos Correa,20,432,136
14162,2018,Carlos Correa,23,468,101
14162,2017,Carlos Correa,22,481,152
14162,2023,Carlos Correa,28,580,95
14162,2022,Carlos Correa,27,590,139
14162,2021,Carlos Correa,26,640,133
14162,2016,Carlos Correa,21,660,123
4881,2010,Carlos Gomez,24,318,76
4881,2018,Carlos Gomez,32,408,81
4881,2017,Carlos Gomez,31,426,105
4881,2012,Carlos Gomez,26,452,103
4881,2016,Carlos Gomez,30,453,83
4881,2015,Carlos Gomez,29,477,98
4881,2013,Carlos Gomez,27,590,128
4881,2014,Carlos Gomez,28,644,132
7287,2013,Carlos Gonzalez,27,436,146
7287,2018,Carlos Gonzalez,32,504,98
7287,2017,Carlos Gonzalez,31,534,85
7287,2011,Carlos Gonzalez,25,542,126
7287,2012,Carlos Gonzalez,26,579,119
7287,2015,Carlos Gonzalez,29,608,116
7287,2016,Carlos Gonzalez,30,632,110
7287,2010,Carlos Gonzalez,24,636,144
243,2012,Carlos Lee,36,615,91
243,2010,Carlos Lee,34,649,89
243,2011,Carlos Lee,35,653,115
934,2013,Carlos Pena,35,328,86
934,2010,Carlos Pena,32,582,105
934,2012,Carlos Pena,34,600,98
934,2011,Carlos Pena,33,606,121
6274,2013,Carlos Quentin,30,320,143
6274,2012,Carlos Quentin,29,340,146
6274,2011,Carlos Quentin,28,483,126
6274,2010,Carlos Quentin,27,527,118
2579,2015,Carlos Ruiz,36,320,59
2579,2013,Carlos Ruiz,34,341,90
2579,2012,Carlos Ruiz,33,421,152
2579,2010,Carlos Ruiz,31,433,127
2579,2014,Carlos Ruiz,35,445,106
2579,2011,Carlos Ruiz,32,472,108
2396,2022,Carlos Santana,36,506,102
2396,2012,Carlos Santana,26,609,120
2396,2023,Carlos Santana,37,619,100
2396,2013,Carlos Santana,27,642,132
2396,2011,Carlos Santana,25,658,124
2396,2021,Carlos Santana,35,659,81
2396,2014,Carlos Santana,28,660,127
2396,2015,Carlos Santana,29,666,107
2396,2017,Carlos Santana,31,667,115
2396,2018,Carlos Santana,32,679,108
2396,2019,Carlos Santana,33,686,138
2396,2016,Carlos Santana,30,688,130
13620,2022,Carson Kelly,27,354,73
13620,2021,Carson Kelly,26,359,104
13620,2019,Carson Kelly,24,365,107
719,2010,Casey Blake,36,571,101
1930,2010,Casey Kotchman,27,457,69
1930,2012,Casey Kotchman,29,500,70
1930,2011,Casey Kotchman,28,563,127
6086,2012,Casey McGehee,29,352,77
6086,2011,Casey McGehee,28,600,68
6086,2010,Casey McGehee,27,670,113
6086,2014,Casey McGehee,31,691,104
9700,2012,Casper Wells,27,316,98
19252,2022,Cavan Biggio,27,303,97
19252,2023,Cavan Biggio,28,338,102
19252,2019,Cavan Biggio,24,430,115
17929,2023,Cedric Mullins,28,455,99
17929,2022,Cedric Mullins,27,672,108
17929,2021,Cedric Mullins,26,675,136
10556,2015,Cesar Hernandez,25,452,92
10556,2017,Cesar Hernandez,27,577,111
10556,2022,Cesar Hernandez,32,617,81
10556,2016,Cesar Hernandez,26,622,107
10556,2021,Cesar Hernandez,31,637,91
10556,2019,Cesar Hernandez,29,667,91
10556,2018,Cesar Hernandez,28,708,100
656,2010,Cesar Izturis,30,513,46
15191,2017,Chad Pinder,25,309,99
15191,2018,Chad Pinder,26,333,115
15191,2019,Chad Pinder,27,370,87
15191,2022,Chad Pinder,30,379,85
7859,2023,Charlie Blackmon,36,413,107
7859,2022,Charlie Blackmon,35,577,91
7859,2021,Charlie Blackmon,34,582,93
7859,2019,Charlie Blackmon,32,634,127
7859,2016,Charlie Blackmon,29,641,132
7859,2014,Charlie Blackmon,27,648,99
7859,2015,Charlie Blackmon,28,682,103
7859,2018,Charlie Blackmon,31,696,117
7859,2017,Charlie Blackmon,30,725,142
3298,2018,Charlie Culberson,29,322,107
19599,2021,Chas McCormick,26,320,108
19599,2022,Chas McCormick,27,407,115
19599,2023,Chas McCormick,28,457,133
4720,2011,Chase Headley,27,439,121
4720,2016,Chase Headley,32,529,92
4720,2014,Chase Headley,30,531,103
4720,2017,Chase Headley,33,586,105
4720,2013,Chase Headley,29,600,113
4720,2015,Chase Headley,31,642,92
4720,2010,Chase Headley,26,674,98
4720,2012,Chase Headley,28,699,145
1679,2017,Chase Utley,38,353,96
1679,2012,Chase Utley,33,362,114
1679,2015,Chase Utley,36,423,71
1679,2011,Chase Utley,32,454,111
1679,2010,Chase Utley,31,511,128
1679,2013,Chase Utley,34,531,126
1679,2016,Chase Utley,37,565,96
1679,2014,Chase Utley,35,664,107
10473,2019,Cheslor Cuthbert,26,330,74
10473,2016,Cheslor Cuthbert,23,510,95
97,2010,Chipper Jones,38,381,119
97,2012,Chipper Jones,40,448,127
97,2011,Chipper Jones,39,512,120
1580,2011,Chone Figgins,33,313,37
1580,2010,Chone Figgins,32,702,88
9911,2015,Chris Carter,28,460,105
9911,2014,Chris Carter,27,572,125
9911,2013,Chris Carter,26,585,112
9911,2016,Chris Carter,29,644,113
6878,2016,Chris Coghlan,31,300,65
6878,2010,Chris Coghlan,25,400,94
6878,2014,Chris Coghlan,29,432,126
6878,2015,Chris Coghlan,30,503,113
13051,2015,Chris Colabello,31,360,143
9272,2019,Chris Davis,33,352,58
9272,2018,Chris Davis,32,522,46
9272,2017,Chris Davis,31,524,91
9272,2014,Chris Davis,28,525,94
9272,2012,Chris Davis,26,562,121
9272,2016,Chris Davis,30,665,113
9272,2015,Chris Davis,29,670,149
9272,2013,Chris Davis,27,673,168
4400,2010,Chris Denorfia,29,317,113
4400,2011,Chris Denorfia,30,340,107
4400,2014,Chris Denorfia,33,358,74
4400,2012,Chris Denorfia,31,382,123
4400,2013,Chris Denorfia,32,520,108
3388,2011,Chris Getz,27,429,66
3978,2011,Chris Heisey,26,308,113
3978,2012,Chris Heisey,27,375,93
8267,2017,Chris Iannetta,34,316,120
8267,2015,Chris Iannetta,32,317,78
8267,2016,Chris Iannetta,33,338,78
8267,2018,Chris Iannetta,35,360,85
8267,2014,Chris Iannetta,31,373,125
8267,2013,Chris Iannetta,30,399,112
8267,2011,Chris Iannetta,28,426,105
1191,2010,Chris Johnson,25,362,119
1191,2011,Chris Johnson,26,405,81
1191,2012,Chris Johnson,27,528,108
1191,2013,Chris Johnson,28,547,127
1191,2014,Chris Johnson,29,611,82
8175,2012,Chris Nelson,26,377,102
10030,2018,Chris Owings,26,309,52
10030,2014,Chris Owings,22,332,91
10030,2017,Chris Owings,25,386,85
10030,2016,Chris Owings,24,466,86
10030,2015,Chris Owings,23,552,51
2554,2013,Chris Parmelee,25,333,84
4606,2010,Chris Snyder,29,376,82
3878,2013,Chris Stewart,31,340,59
13757,2023,Chris Taylor,32,384,104
13757,2019,Chris Taylor,28,414,106
13757,2022,Chris Taylor,31,454,93
13757,2017,Chris Taylor,26,568,126
13757,2021,Chris Taylor,30,582,113
13757,2018,Chris Taylor,27,604,113
3882,2015,Chris Young,31,356,110
3882,2012,Chris Young,28,363,99
3882,2014,Chris Young,30,366,95
3882,2013,Chris Young,29,375,82
3882,2011,Chris Young,27,659,102
3882,2010,Chris Young,26,664,109
16434,2022,Christian Arroyo,27,300,102
10028,2023,Christian Bethancourt,31,332,73
10028,2022,Christian Bethancourt,30,333,99
9774,2017,Christian Vazquez,26,345,92
9774,2023,Christian Vazquez,32,355,65
9774,2022,Christian Vazquez,31,426,99
9774,2021,Christian Vazquez,30,498,76
9774,2019,Christian Vazquez,28,521,102
11738,2018,Christian Villanueva,27,384,104
13419,2021,Christian Walker,30,445,88
13419,2019,Christian Walker,28,603,111
13419,2023,Christian Walker,32,661,119
13419,2022,Christian Walker,31,667,122
11477,2021,Christian Yelich,29,475,102
11477,2015,Christian Yelich,23,525,120
11477,2019,Christian Yelich,27,580,174
11477,2023,Christian Yelich,31,632,122
11477,2018,Christian Yelich,26,651,167
11477,2016,Christian Yelich,24,659,134
11477,2014,Christian Yelich,22,660,118
11477,2022,Christian Yelich,30,671,111
11477,2017,Christian Yelich,25,695,117
17714,2019,Christin Stewart,25,416,80
21897,2022,Christopher Morel,23,425,110
21897,2023,Christopher Morel,24,429,121
25768,2022,CJ Abrams,21,302,72
25768,2023,CJ Abrams,22,614,91
3373,2013,Clete Thomas,29,322,65
3395,2012,Cliff Pennington,28,462,65
3395,2011,Cliff Pennington,27,570,92
3395,2010,Cliff Pennington,26,576,91
1830,2013,Clint Barmes,34,330,53
1830,2010,Clint Barmes,31,432,59
1830,2012,Clint Barmes,33,493,62
1830,2011,Clint Barmes,32,495,93
6908,2015,Clint Robinson,30,352,114
1572,2010,Coco Crisp,30,328,114
1572,2016,Coco Crisp,36,498,88
1572,2012,Coco Crisp,32,508,106
1572,2014,Coco Crisp,34,536,104
1572,2011,Coco Crisp,31,583,92
1572,2013,Coco Crisp,33,584,116
11997,2014,Cody Asche,24,434,95
11997,2015,Cody Asche,25,456,86
15998,2021,Cody Bellinger,25,350,47
15998,2017,Cody Bellinger,21,548,138
15998,2022,Cody Bellinger,26,550,83
15998,2023,Cody Bellinger,27,556,136
15998,2018,Cody Bellinger,22,632,120
15998,2019,Cody Bellinger,23,660,161
1760,2013,Cody Ross,32,351,102
1760,2011,Cody Ross,30,461,107
1760,2012,Cody Ross,31,528,114
1760,2010,Cody Ross,29,569,96
9893,2014,Colby Rasmus,27,376,104
9893,2016,Colby Rasmus,29,417,77
9893,2013,Colby Rasmus,26,458,130
9893,2015,Colby Rasmus,28,485,118
9893,2011,Colby Rasmus,24,526,90
9893,2010,Colby Rasmus,23,534,130
9893,2012,Colby Rasmus,25,625,82
16909,2021,Colin Moran,28,359,96
16909,2018,Colin Moran,25,465,102
16909,2019,Colin Moran,26,503,93
16572,2022,Connor Joe,29,467,89
16572,2023,Connor Joe,30,472,106
19896,2023,Connor Wong,27,403,78
9009,2013,Conor Gillaspie,25,452,87
9009,2014,Conor Gillaspie,26,506,111
5997,2011,Conor Jackson,29,390,83
25878,2023,Corbin Carroll,22,645,132
10762,2021,Corey Dickerson,32,365,97
10762,2014,Corey Dickerson,25,478,140
10762,2018,Corey Dickerson,29,533,114
10762,2016,Corey Dickerson,27,548,101
10762,2017,Corey Dickerson,28,629,116
1945,2011,Corey Hart,29,551,137
1945,2010,Corey Hart,28,614,130
1945,2012,Corey Hart,30,622,122
20311,2023,Corey Julks,27,323,80
300,2010,Corey Patterson,30,341,92
300,2011,Corey Patterson,31,397,68
13624,2021,Corey Seager,27,409,146
13624,2023,Corey Seager,29,536,171
13624,2019,Corey Seager,25,541,112
13624,2017,Corey Seager,23,613,127
13624,2022,Corey Seager,28,663,117
13624,2016,Corey Seager,22,687,136
12294,2018,Cory Spangenberg,27,329,83
12294,2015,Cory Spangenberg,24,345,105
12294,2017,Cory Spangenberg,26,486,92
728,2010,Cristian Guzman,32,396,73
4747,2019,Curtis Granderson,38,363,70
4747,2018,Curtis Granderson,37,403,115
4747,2017,Curtis Granderson,36,527,106
4747,2010,Curtis Granderson,29,528,110
4747,2016,Curtis Granderson,35,633,116
4747,2014,Curtis Granderson,33,654,107
4747,2015,Curtis Granderson,34,682,131
4747,2012,Curtis Granderson,31,684,116
4747,2011,Curtis Granderson,30,691,146
17766,2021,D.J. Stewart,27,318,94
18722,2016,Dae-Ho Lee,34,317,103
3442,2013,Dan Uggla,33,537,91
3442,2012,Dan Uggla,32,630,104
3442,2011,Dan Uggla,31,672,111
3442,2010,Dan Uggla,30,674,135
8392,2013,Daniel Descalso,26,358,79
8392,2011,Daniel Descalso,24,375,89
8392,2017,Daniel Descalso,30,398,88
8392,2018,Daniel Descalso,31,423,112
8392,2012,Daniel Descalso,25,426,73
4316,2018,Daniel Murphy,33,351,111
4316,2011,Daniel Murphy,26,423,126
4316,2019,Daniel Murphy,34,478,88
4316,2015,Daniel Murphy,30,538,109
4316,2016,Daniel Murphy,31,582,154
4316,2017,Daniel Murphy,32,593,135
4316,2012,Daniel Murphy,27,612,102
4316,2014,Daniel Murphy,29,642,110
4316,2013,Daniel Murphy,28,697,106
5450,2012,Daniel Nava,29,317,104
5450,2014,Daniel Nava,31,408,99
5450,2013,Daniel Nava,30,536,127
14897,2018,Daniel Palka,26,449,109
14145,2018,Daniel Robertson,24,340,128
14130,2023,Daniel Vogelbach,30,319,108
14130,2022,Daniel Vogelbach,29,461,126
14130,2019,Daniel Vogelbach,26,558,112
9219,2014,Danny Espinosa,27,364,75
9219,2015,Danny Espinosa,28,412,93
9219,2016,Danny Espinosa,29,601,78
9219,2011,Danny Espinosa,24,658,103
9219,2012,Danny Espinosa,25,658,94
16535,2023,Danny Jansen,28,301,115
16535,2019,Danny Jansen,24,384,69
10322,2014,Danny Santana,23,430,132
10322,2019,Danny Santana,28,511,111
6364,2010,Danny Valencia,25,322,117
6364,2015,Danny Valencia,30,378,135
6364,2017,Danny Valencia,32,500,96
6364,2016,Danny Valencia,31,517,117
6364,2011,Danny Valencia,26,608,83
18314,2018,Dansby Swanson,24,533,79
18314,2019,Dansby Swanson,25,545,91
18314,2017,Dansby Swanson,23,551,63
18314,2023,Dansby Swanson,29,638,106
18314,2021,Dansby Swanson,27,653,99
18314,2022,Dansby Swanson,28,696,117
5928,2010,Daric Barton,24,686,126
9929,2021,Darin Ruf,34,312,144
9929,2022,Darin Ruf,35,388,89
1867,2010,Darnell McDonald,31,363,104
2430,2016,Darwin Barney,30,306,88
2430,2017,Darwin Barney,31,362,59
2430,2013,Darwin Barney,27,555,54
2430,2011,Darwin Barney,25,571,79
2430,2012,Darwin Barney,26,588,75
19918,2021,Daulton Varsho,24,315,100
19918,2023,Daulton Varsho,26,581,85
19918,2022,Daulton Varsho,25,592,106
14593,2021,David Bote,28,327,66
14593,2019,David Bote,26,356,105
13744,2019,David Dahl,25,413,111
1825,2015,David DeJesus,35,317,75
1825,2010,David DeJesus,30,394,127
1825,2013,David DeJesus,33,439,104
1825,2011,David DeJesus,31,506,96
1825,2012,David DeJesus,32,582,105
10,2010,David Eckstein,35,492,85
17992,2018,David Fletcher,24,307,86
17992,2019,David Fletcher,25,653,96
17992,2021,David Fletcher,27,665,69
9549,2018,David Freese,35,312,125
9549,2011,David Freese,28,363,123
9549,2015,David Freese,32,470,108
9549,2016,David Freese,33,492,108
9549,2017,David Freese,34,503,100
9549,2014,David Freese,31,511,105
9549,2013,David Freese,30,521,105
9549,2012,David Freese,29,567,132
7215,2013,David Lough,27,335,97
6035,2015,David Murphy,33,391,101
6035,2011,David Murphy,29,440,93
6035,2014,David Murphy,32,462,97
6035,2010,David Murphy,28,471,113
6035,2013,David Murphy,31,476,73
6035,2012,David Murphy,30,521,129
745,2012,David Ortiz,36,383,170
745,2013,David Ortiz,37,600,151
745,2014,David Ortiz,38,602,134
745,2011,David Ortiz,35,605,154
745,2010,David Ortiz,34,606,134
745,2015,David Ortiz,39,614,139
745,2016,David Ortiz,40,626,163
2136,2014,David Peralta,26,348,109
2136,2023,David Peralta,35,422,82
2136,2019,David Peralta,31,423,106
2136,2022,David Peralta,34,490,104
2136,2015,David Peralta,27,517,137
2136,2021,David Peralta,33,538,95
2136,2017,David Peralta,29,577,104
2136,2018,David Peralta,30,614,130
3787,2011,David Wright,28,447,116
3787,2013,David Wright,30,492,156
3787,2014,David Wright,31,586,99
3787,2012,David Wright,29,670,141
3787,2010,David Wright,27,670,129
3917,2013,Dayan Viciedo,24,473,98
3917,2012,Dayan Viciedo,23,543,98
3917,2014,Dayan Viciedo,25,563,90
8203,2012,Dee Strange-Gordon,24,330,58
8203,2016,Dee Strange-Gordon,28,345,75
8203,2019,Dee Strange-Gordon,31,421,77
8203,2018,Dee Strange-Gordon,30,588,75
8203,2014,Dee Strange-Gordon,26,650,102
8203,2015,Dee Strange-Gordon,27,653,116
8203,2017,Dee Strange-Gordon,29,695,94
11379,2018,Delino DeShields,25,393,59
11379,2019,Delino DeShields,26,408,72
11379,2017,Delino DeShields,24,440,86
11379,2015,Delino DeShields,22,492,95
2140,2013,Delmon Young,27,361,98
2140,2011,Delmon Young,25,503,87
2140,2012,Delmon Young,26,608,89
2140,2010,Delmon Young,24,613,120
8347,2011,Denard Span,27,311,90
8347,2018,Denard Span,34,501,112
8347,2017,Denard Span,33,542,102
8347,2012,Denard Span,28,568,104
8347,2016,Denard Span,32,637,94
8347,2013,Denard Span,29,662,96
8347,2014,Denard Span,30,668,117
8347,2010,Denard Span,26,705,87
10542,2019,Derek Dietrich,29,306,100
10542,2016,Derek Dietrich,26,412,121
10542,2017,Derek Dietrich,27,464,101
10542,2018,Derek Dietrich,28,551,109
826,2011,Derek Jeter,37,607,104
826,2014,Derek Jeter,40,634,75
826,2010,Derek Jeter,36,739,93
826,2012,Derek Jeter,38,740,117
6867,2013,Derek Norris,24,308,114
6867,2014,Derek Norris,25,442,123
6867,2016,Derek Norris,27,458,54
6867,2015,Derek Norris,26,557,98
525,2011,Derrek Lee,35,477,109
525,2010,Derrek Lee,34,626,109
1965,2014,Desmond Jennings,27,542,103
1965,2012,Desmond Jennings,25,563,98
1965,2013,Desmond Jennings,26,602,111
5666,2013,Devin Mesoraco,25,352,73
5666,2014,Devin Mesoraco,26,440,147
13862,2018,Devon Travis,27,378,76
13862,2016,Devon Travis,25,432,111
4062,2018,Dexter Fowler,32,334,63
4062,2017,Dexter Fowler,31,491,122
4062,2013,Dexter Fowler,27,492,103
4062,2014,Dexter Fowler,28,505,126
4062,2010,Dexter Fowler,24,505,94
4062,2012,Dexter Fowler,26,530,120
4062,2016,Dexter Fowler,30,551,129
4062,2011,Dexter Fowler,25,563,106
4062,2019,Dexter Fowler,33,574,103
4062,2015,Dexter Fowler,29,690,109
6012,2019,Didi Gregorius,29,344,84
6012,2013,Didi Gregorius,23,404,91
6012,2021,Didi Gregorius,31,408,69
6012,2018,Didi Gregorius,28,569,122
6012,2017,Didi Gregorius,27,570,109
6012,2015,Didi Gregorius,25,578,89
6012,2016,Didi Gregorius,26,597,97
3179,2016,Dioner Navarro,32,334,58
3179,2014,Dioner Navarro,30,520,99
9874,2013,DJ LeMahieu,24,434,67
9874,2014,DJ LeMahieu,25,538,66
9874,2022,DJ LeMahieu,33,541,115
9874,2023,DJ LeMahieu,34,562,99
9874,2018,DJ LeMahieu,29,581,87
9874,2015,DJ LeMahieu,26,620,91
9874,2016,DJ LeMahieu,27,635,130
9874,2019,DJ LeMahieu,30,655,136
9874,2021,DJ LeMahieu,32,679,101
9874,2017,DJ LeMahieu,28,682,94
10348,2019,Domingo Santana,26,507,107
10348,2017,Domingo Santana,24,607,127
15653,2021,Dominic Smith,26,493,84
15653,2023,Dominic Smith,28,586,91
3154,2014,Domonic Brown,26,512,76
3154,2013,Domonic Brown,25,540,123
8623,2022,Donovan Solano,34,304,99
8623,2012,Donovan Solano,24,316,97
8623,2014,Donovan Solano,26,340,77
8623,2021,Donovan Solano,33,344,105
8623,2013,Donovan Solano,25,395,74
8623,2023,Donovan Solano,35,450,116
9328,2014,Drew Stubbs,29,424,112
9328,2013,Drew Stubbs,28,481,85
9328,2012,Drew Stubbs,27,544,65
9328,2010,Drew Stubbs,25,583,105
9328,2011,Drew Stubbs,26,681,90
20505,2023,Drew Waters,24,337,81
10099,2011,Dustin Ackley,23,376,117
10099,2013,Dustin Ackley,25,427,88
10099,2014,Dustin Ackley,26,542,98
10099,2012,Dustin Ackley,24,668,75
8370,2010,Dustin Pedroia,26,351,128
8370,2015,Dustin Pedroia,31,425,117
8370,2017,Dustin Pedroia,33,463,101
8370,2014,Dustin Pedroia,30,609,98
8370,2012,Dustin Pedroia,28,623,114
8370,2016,Dustin Pedroia,32,698,121
8370,2013,Dustin Pedroia,29,724,114
8370,2011,Dustin Pedroia,27,731,133
13473,2019,Dwight Smith Jr.,26,392,83
20126,2022,Dylan Carlson,23,488,98
20126,2021,Dylan Carlson,22,619,111
18042,2021,Dylan Moore,28,377,74
7532,2013,Ed Lucas,31,384,82
12155,2016,Eddie Rosario,24,354,86
12155,2021,Eddie Rosario,29,412,100
12155,2015,Eddie Rosario,23,474,97
12155,2023,Eddie Rosario,31,516,100
12155,2017,Eddie Rosario,25,589,117
12155,2019,Eddie Rosario,27,590,104
12155,2018,Eddie Rosario,26,592,114
1178,2011,Edgar Renteria,34,333,80
17022,2023,Edmundo Sosa,27,300,92
17022,2021,Edmundo Sosa,25,326,102
27534,2023,Edouard Julien,24,408,135
6153,2023,Eduardo Escobar,34,309,65
6153,2016,Eduardo Escobar,27,377,63
6153,2015,Eduardo Escobar,26,446,101
6153,2014,Eduardo Escobar,25,465,101
6153,2017,Eduardo Escobar,28,499,97
6153,2022,Eduardo Escobar,33,542,104
6153,2021,Eduardo Escobar,32,599,108
6153,2018,Eduardo Escobar,29,631,117
6153,2019,Eduardo Escobar,30,699,108
6848,2013,Eduardo Nunez,26,336,84
6848,2011,Eduardo Nunez,24,338,87
6848,2017,Eduardo Nunez,30,491,112
6848,2018,Eduardo Nunez,31,502,78
6848,2016,Eduardo Nunez,29,595,101
19698,2023,Edward Olivares,27,385,104
2151,2010,Edwin Encarnacion,27,367,109
2151,2019,Edwin Encarnacion,36,486,130
2151,2011,Edwin Encarnacion,28,530,113
2151,2014,Edwin Encarnacion,31,542,151
2151,2018,Edwin Encarnacion,35,579,116
2151,2013,Edwin Encarnacion,30,621,146
2151,2015,Edwin Encarnacion,32,624,150
2151,2012,Edwin Encarnacion,29,644,150
2151,2017,Edwin Encarnacion,34,669,130
2151,2016,Edwin Encarnacion,33,702,136
8418,2018,Ehire Adrianza,28,366,83
20543,2023,Elehuris Montero,24,307,78
11680,2019,Elias Diaz,28,332,61
11680,2021,Elias Diaz,30,371,91
11680,2022,Elias Diaz,31,381,68
11680,2023,Elias Diaz,32,526,83
4751,2012,Elliot Johnson,28,331,85
26668,2023,Elly De La Cruz,21,427,83
17484,2022,Eloy Jimenez,25,327,143
17484,2023,Eloy Jimenez,26,489,105
17484,2019,Eloy Jimenez,22,504,115
8709,2023,Elvis Andrus,34,406,81
8709,2018,Elvis Andrus,29,428,76
8709,2021,Elvis Andrus,32,541,73
8709,2016,Elvis Andrus,27,568,109
8709,2022,Elvis Andrus,33,577,104
8709,2019,Elvis Andrus,30,648,76
8709,2015,Elvis Andrus,26,661,78
8709,2011,Elvis Andrus,22,665,93
8709,2010,Elvis Andrus,21,674,75
8709,2014,Elvis Andrus,25,685,80
8709,2017,Elvis Andrus,28,689,105
8709,2013,Elvis Andrus,24,698,78
8709,2012,Elvis Andrus,23,711,97
4054,2014,Emilio Bonifacio,29,426,82
4054,2013,Emilio Bonifacio,28,461,71
4054,2011,Emilio Bonifacio,26,641,109
19890,2022,Emmanuel Rivera,26,359,95
4922,2014,Ender Inciarte,23,447,86
4922,2015,Ender Inciarte,24,561,100
4922,2016,Ender Inciarte,25,578,97
4922,2018,Ender Inciarte,27,660,90
4922,2017,Ender Inciarte,26,718,97
10472,2017,Enrique Hernandez,25,342,92
10472,2022,Enrique Hernandez,30,402,74
10472,2019,Enrique Hernandez,27,460,86
10472,2018,Enrique Hernandez,26,462,118
10472,2023,Enrique Hernandez,31,508,72
10472,2021,Enrique Hernandez,29,585,109
906,2012,Eric Chavez,34,313,126
14111,2022,Eric Haase,29,351,111
14111,2021,Eric Haase,28,381,100
1305,2010,Eric Hinske,32,320,110
3516,2022,Eric Hosmer,32,419,104
3516,2014,Eric Hosmer,24,547,98
3516,2011,Eric Hosmer,21,563,113
3516,2021,Eric Hosmer,31,565,104
3516,2012,Eric Hosmer,22,598,80
3516,2015,Eric Hosmer,25,667,124
3516,2016,Eric Hosmer,26,667,102
3516,2019,Eric Hosmer,29,667,92
3516,2017,Eric Hosmer,27,671,135
3516,2018,Eric Hosmer,28,677,95
3516,2013,Eric Hosmer,23,680,120
7927,2014,Eric Sogard,28,329,68
7927,2015,Eric Sogard,29,401,66
7927,2013,Eric Sogard,27,410,91
7927,2019,Eric Sogard,33,442,115
3711,2011,Eric Thames,24,394,107
3711,2019,Eric Thames,32,459,116
3711,2017,Eric Thames,30,551,125
7158,2014,Eric Young Jr.,29,316,77
7158,2013,Eric Young Jr.,28,598,78
4082,2017,Erick Aybar,33,370,72
4082,2016,Erick Aybar,32,459,65
4082,2012,Erick Aybar,28,554,107
4082,2013,Erick Aybar,29,589,91
4082,2010,Erick Aybar,26,589,78
4082,2011,Erick Aybar,27,605,107
4082,2015,Erick Aybar,31,638,78
4082,2014,Erick Aybar,30,641,101
21780,2023,Esteury Ruiz,24,497,85
12552,2015,Eugenio Suarez,23,398,106
12552,2021,Eugenio Suarez,29,574,85
12552,2018,Eugenio Suarez,26,606,135
12552,2016,Eugenio Suarez,24,627,93
12552,2022,Eugenio Suarez,30,629,132
12552,2017,Eugenio Suarez,25,632,116
12552,2019,Eugenio Suarez,27,662,130
12552,2023,Eugenio Suarez,31,694,104
11003,2017,Evan Gattis,30,325,105
11003,2013,Evan Gattis,26,382,110
11003,2014,Evan Gattis,27,401,125
11003,2018,Evan Gattis,31,451,99
11003,2016,Evan Gattis,29,499,121
11003,2015,Evan Gattis,28,604,103
9368,2012,Evan Longoria,26,312,146
9368,2019,Evan Longoria,33,508,100
9368,2018,Evan Longoria,32,512,86
9368,2011,Evan Longoria,25,574,136
9368,2010,Evan Longoria,24,661,139
9368,2015,Evan Longoria,29,670,109
9368,2017,Evan Longoria,31,677,97
9368,2016,Evan Longoria,30,685,123
9368,2013,Evan Longoria,27,693,132
9368,2014,Evan Longoria,28,700,105
8155,2014,Everth Cabrera,27,391,64
8155,2013,Everth Cabrera,26,435,113
8155,2012,Everth Cabrera,25,449,87
9048,2016,Ezequiel Carrera,29,310,86
9048,2017,Ezequiel Carrera,30,325,108
23733,2023,Ezequiel Duran,24,439,110
24064,2023,Ezequiel Tovar,21,615,72
1311,2010,Felipe Lopez,30,441,81
3751,2010,Felix Pie,25,308,90
19709,2019,Fernando Tatis Jr.,20,372,151
19709,2021,Fernando Tatis Jr.,22,546,158
19709,2023,Fernando Tatis Jr.,24,635,112
26121,2023,Francisco Alvarez,21,423,97
5275,2017,Francisco Cervelli,31,304,93
5275,2010,Francisco Cervelli,24,317,92
5275,2016,Francisco Cervelli,30,393,98
5275,2018,Francisco Cervelli,32,404,124
5275,2015,Francisco Cervelli,29,510,117
12916,2015,Francisco Lindor,21,438,126
12916,2021,Francisco Lindor,27,524,101
12916,2019,Francisco Lindor,25,654,118
12916,2016,Francisco Lindor,22,684,109
12916,2023,Francisco Lindor,29,687,121
12916,2022,Francisco Lindor,28,706,124
12916,2017,Francisco Lindor,23,723,116
12916,2018,Francisco Lindor,24,745,132
3255,2011,Franklin Gutierrez,28,344,51
3255,2010,Franklin Gutierrez,27,629,85
14566,2021,Franmil Reyes,25,466,128
14566,2022,Franmil Reyes,26,473,81
14566,2019,Franmil Reyes,23,548,111
4693,2010,Fred Lewis,29,480,102
5361,2015,Freddie Freeman,25,481,132
5361,2017,Freddie Freeman,27,514,149
5361,2012,Freddie Freeman,22,620,115
5361,2013,Freddie Freeman,23,629,150
5361,2011,Freddie Freeman,21,635,120
5361,2019,Freddie Freeman,29,692,137
5361,2016,Freddie Freeman,26,693,152
5361,2021,Freddie Freeman,31,695,136
5361,2018,Freddie Freeman,28,707,136
5361,2022,Freddie Freeman,32,708,157
5361,2014,Freddie Freeman,24,708,140
5361,2023,Freddie Freeman,33,730,162
6609,2021,Freddy Galvis,31,394,90
6609,2019,Freddy Galvis,29,589,89
6609,2015,Freddy Galvis,25,603,76
6609,2016,Freddy Galvis,26,624,74
6609,2018,Freddy Galvis,28,656,85
6609,2017,Freddy Galvis,27,663,79
1624,2010,Freddy Sanchez,32,479,104
22563,2023,Gabriel Arias,23,345,73
22664,2023,Gabriel Moreno,23,380,102
3361,2013,Gaby Sanchez,29,320,118
3361,2012,Gaby Sanchez,28,326,69
3361,2010,Gaby Sanchez,26,643,111
3361,2011,Gaby Sanchez,27,661,114
15279,2019,Garrett Cooper,28,421,111
15279,2023,Garrett Cooper,32,457,94
15279,2022,Garrett Cooper,31,469,110
19262,2019,Garrett Hampson,24,327,64
19262,2021,Garrett Hampson,26,494,64
2714,2013,Garrett Jones,32,440,98
2714,2011,Garrett Jones,30,478,109
2714,2012,Garrett Jones,31,515,124
2714,2014,Garrett Jones,33,547,101
2714,2010,Garrett Jones,29,654,95
11442,2018,Gary Sanchez,25,374,90
11442,2021,Gary Sanchez,28,440,101
11442,2019,Gary Sanchez,26,446,116
11442,2022,Gary Sanchez,29,471,88
11442,2017,Gary Sanchez,24,525,131
19955,2021,Gavin Lux,23,381,90
19955,2022,Gavin Lux,24,471,113
19901,2023,Gavin Sheets,27,344,61
19901,2022,Gavin Sheets,26,410,99
12856,2021,George Springer,31,342,140
12856,2014,George Springer,24,345,129
12856,2015,George Springer,25,451,133
12856,2019,George Springer,29,556,155
12856,2022,George Springer,32,583,133
12856,2018,George Springer,28,620,119
12856,2017,George Springer,27,629,140
12856,2023,George Springer,33,683,104
12856,2016,George Springer,26,744,126
3707,2012,Geovany Soto,29,361,63
3707,2010,Geovany Soto,27,387,137
3707,2011,Geovany Soto,28,474,94
22799,2023,Geraldo Perdomo,23,495,98
22799,2022,Geraldo Perdomo,22,500,59
8553,2019,Gerardo Parra,32,301,74
8553,2016,Gerardo Parra,29,381,58
8553,2010,Gerardo Parra,23,393,70
8553,2017,Gerardo Parra,30,425,91
8553,2012,Gerardo Parra,25,430,93
8553,2018,Gerardo Parra,31,443,81
8553,2011,Gerardo Parra,24,493,106
8553,2014,Gerardo Parra,27,574,84
8553,2015,Gerardo Parra,28,589,109
8553,2013,Gerardo Parra,26,663,96
4949,2015,Giancarlo Stanton,25,318,155
4949,2010,Giancarlo Stanton,20,396,118
4949,2023,Giancarlo Stanton,33,415,86
4949,2022,Giancarlo Stanton,32,452,113
4949,2016,Giancarlo Stanton,26,470,118
4949,2012,Giancarlo Stanton,22,501,158
4949,2013,Giancarlo Stanton,23,504,137
4949,2021,Giancarlo Stanton,31,579,138
4949,2011,Giancarlo Stanton,21,601,141
4949,2014,Giancarlo Stanton,24,638,161
4949,2017,Giancarlo Stanton,27,692,158
4949,2018,Giancarlo Stanton,28,705,128
20233,2022,Gilberto Celestino,23,347,81
10681,2021,Gio Urshela,29,442,97
10681,2019,Gio Urshela,27,476,132
10681,2022,Gio Urshela,30,551,118
16997,2018,Gleyber Torres,21,484,121
16997,2021,Gleyber Torres,24,516,96
16997,2022,Gleyber Torres,25,572,114
16997,2019,Gleyber Torres,22,604,125
16997,2023,Gleyber Torres,26,672,120
9015,2013,Gordon Beckham,26,408,90
9015,2014,Gordon Beckham,27,483,72
9015,2010,Gordon Beckham,23,498,86
9015,2011,Gordon Beckham,24,557,72
9015,2012,Gordon Beckham,25,582,80
4146,2017,Gorkys Hernandez,29,348,77
4146,2018,Gorkys Hernandez,30,451,83
2197,2014,Grady Sizemore,31,381,83
14131,2018,Greg Bird,25,311,82
2158,2012,Greg Dobbs,33,342,85
2158,2011,Greg Dobbs,32,439,89
10951,2019,Greg Garcia,29,372,98
3123,2015,Gregor Blanco,31,372,117
3123,2014,Gregor Blanco,30,444,106
3123,2012,Gregor Blanco,28,453,94
3123,2013,Gregor Blanco,29,511,100
12907,2014,Gregory Polanco,22,312,87
12907,2021,Gregory Polanco,29,382,69
12907,2017,Gregory Polanco,25,411,81
12907,2018,Gregory Polanco,26,535,123
12907,2016,Gregory Polanco,24,587,106
12907,2015,Gregory Polanco,23,652,92
18721,2018,Guillermo Heredia,27,337,88
18721,2021,Guillermo Heredia,30,347,79
18721,2017,Guillermo Heredia,26,426,80
26289,2023,Gunnar Henderson,22,622,123
27506,2022,Ha-seong Kim,26,582,105
27506,2023,Ha-seong Kim,27,626,110
8001,2013,Hanley Ramirez,29,336,191
8001,2011,Hanley Ramirez,27,385,97
8001,2015,Hanley Ramirez,31,430,90
8001,2014,Hanley Ramirez,30,512,136
8001,2017,Hanley Ramirez,33,553,92
8001,2010,Hanley Ramirez,26,619,127
8001,2016,Hanley Ramirez,32,620,127
8001,2012,Hanley Ramirez,28,667,107
11902,2019,Hanser Alberto,26,550,95
14691,2021,Harold Castro,27,339,83
14691,2019,Harold Castro,25,369,79
14691,2022,Harold Castro,28,443,93
14387,2021,Harold Ramirez,26,361,93
14387,2023,Harold Ramirez,28,434,127
14387,2022,Harold Ramirez,27,435,118
14387,2019,Harold Ramirez,24,446,92
18030,2022,Harrison Bader,28,313,84
18030,2023,Harrison Bader,29,344,68
18030,2021,Harrison Bader,27,401,108
18030,2019,Harrison Bader,25,406,82
18030,2018,Harrison Bader,24,427,107
5751,2018,Hernan Perez,27,334,80
5751,2016,Hernan Perez,25,430,90
5751,2017,Hernan Perez,26,458,79
1659,2010,Hideki Matsui,36,558,126
1659,2011,Hideki Matsui,37,585,93
4229,2017,Howie Kendrick,33,334,120
4229,2019,Howie Kendrick,35,370,147
4229,2015,Howie Kendrick,31,495,109
4229,2013,Howie Kendrick,29,513,117
4229,2016,Howie Kendrick,32,543,90
4229,2011,Howie Kendrick,27,583,123
4229,2012,Howie Kendrick,28,594,103
4229,2010,Howie Kendrick,26,658,98
4229,2014,Howie Kendrick,30,674,114
15117,2018,Hunter Dozier,26,388,79
15117,2022,Hunter Dozier,30,500,88
15117,2021,Hunter Dozier,29,543,80
15117,2019,Hunter Dozier,27,586,123
8252,2019,Hunter Pence,36,316,128
8252,2016,Hunter Pence,33,442,119
8252,2017,Hunter Pence,34,539,87
8252,2010,Hunter Pence,27,658,111
8252,2011,Hunter Pence,28,668,140
8252,2013,Hunter Pence,30,687,135
8252,2012,Hunter Pence,29,688,103
8252,2014,Hunter Pence,31,708,122
15464,2018,Hunter Renfroe,26,441,114
15464,2017,Hunter Renfroe,25,479,94
15464,2019,Hunter Renfroe,27,494,99
15464,2022,Hunter Renfroe,30,522,124
15464,2023,Hunter Renfroe,31,548,92
15464,2021,Hunter Renfroe,29,572,113
18718,2016,Hyun Soo Kim,28,346,121
6885,2017,Ian Desmond,31,373,70
6885,2019,Ian Desmond,33,482,88
6885,2012,Ian Desmond,26,547,128
6885,2010,Ian Desmond,24,574,86
6885,2018,Ian Desmond,32,619,82
6885,2011,Ian Desmond,25,639,79
6885,2015,Ian Desmond,29,641,83
6885,2014,Ian Desmond,28,648,108
6885,2013,Ian Desmond,27,655,116
6885,2016,Ian Desmond,30,677,103
17919,2017,Ian Happ,22,413,114
17919,2018,Ian Happ,23,462,106
17919,2021,Ian Happ,26,535,105
17919,2022,Ian Happ,27,641,122
17919,2023,Ian Happ,28,691,120
6195,2010,Ian Kinsler,28,460,114
6195,2018,Ian Kinsler,36,534,86
6195,2017,Ian Kinsler,35,613,92
6195,2013,Ian Kinsler,31,614,104
6195,2015,Ian Kinsler,33,675,110
6195,2016,Ian Kinsler,34,679,124
6195,2011,Ian Kinsler,29,723,123
6195,2014,Ian Kinsler,32,726,103
6195,2012,Ian Kinsler,30,731,100
5950,2010,Ian Stewart,25,441,94
1101,2016,Ichiro Suzuki,42,365,102
1101,2014,Ichiro Suzuki,40,385,88
1101,2015,Ichiro Suzuki,41,438,56
1101,2013,Ichiro Suzuki,39,555,72
1101,2012,Ichiro Suzuki,38,663,90
1101,2011,Ichiro Suzuki,37,721,79
1101,2010,Ichiro Suzuki,36,732,110
8433,2013,Ike Davis,26,377,91
8433,2014,Ike Davis,27,427,109
8433,2012,Ike Davis,25,584,111
8433,2010,Ike Davis,23,601,116
20036,2022,Isaac Paredes,23,381,115
20036,2023,Isaac Paredes,24,571,136
16512,2023,Isiah Kiner-Falefa,28,361,79
16512,2018,Isiah Kiner-Falefa,23,396,79
16512,2022,Isiah Kiner-Falefa,27,531,84
16512,2021,Isiah Kiner-Falefa,26,677,84
1275,2010,Ivan Rodriguez,38,421,70
16219,2022,J.D. Davis,29,365,118
16219,2019,J.D. Davis,26,453,137
16219,2023,J.D. Davis,30,546,103
1152,2010,J.D. Drew,34,546,110
6184,2013,J.D. Martinez,25,310,75
6184,2012,J.D. Martinez,24,439,88
6184,2023,J.D. Martinez,35,479,135
6184,2014,J.D. Martinez,26,480,154
6184,2017,J.D. Martinez,29,489,167
6184,2016,J.D. Martinez,28,517,143
6184,2022,J.D. Martinez,34,596,119
6184,2021,J.D. Martinez,33,634,126
6184,2018,J.D. Martinez,30,649,170
6184,2015,J.D. Martinez,27,657,136
6184,2019,J.D. Martinez,31,657,139
26368,2023,J.J. Bleday,25,303,91
3797,2010,J.J. Hardy,27,375,93
3797,2015,J.J. Hardy,32,437,51
3797,2016,J.J. Hardy,33,438,90
3797,2011,J.J. Hardy,28,567,113
3797,2014,J.J. Hardy,31,569,90
3797,2013,J.J. Hardy,30,644,99
3797,2012,J.J. Hardy,29,713,78
697,2012,J.P. Arencibia,26,372,87
697,2011,J.P. Arencibia,25,486,91
697,2013,J.P. Arencibia,27,497,57
15491,2019,J.P. Crawford,24,396,87
15491,2022,J.P. Crawford,27,603,105
15491,2023,J.P. Crawford,28,638,136
15491,2021,J.P. Crawford,26,687,103
11739,2015,J.T. Realmuto,24,467,89
11739,2018,J.T. Realmuto,27,531,127
11739,2021,J.T. Realmuto,30,537,109
11739,2023,J.T. Realmuto,32,540,102
11739,2016,J.T. Realmuto,25,545,111
11739,2022,J.T. Realmuto,31,562,129
11739,2017,J.T. Realmuto,26,579,107
11739,2019,J.T. Realmuto,28,593,107
12325,2021,Jace Peterson,31,302,98
12325,2022,Jace Peterson,32,328,96
12325,2016,Jace Peterson,26,408,95
12325,2023,Jace Peterson,33,430,73
12325,2015,Jace Peterson,25,597,79
1564,2010,Jack Cust,31,425,136
3692,2012,Jack Hannahan,32,318,84
3692,2011,Jack Hannahan,31,366,103
22244,2022,Jack Suwinski,23,372,97
22244,2023,Jack Suwinski,24,534,112
12984,2022,Jackie Bradley Jr.,32,370,56
12984,2014,Jackie Bradley Jr.,24,423,46
12984,2021,Jackie Bradley Jr.,31,428,36
12984,2018,Jackie Bradley Jr.,28,535,90
12984,2017,Jackie Bradley Jr.,27,541,89
12984,2019,Jackie Bradley Jr.,29,567,89
12984,2016,Jackie Bradley Jr.,26,636,118
13723,2022,Jacob Stallings,32,384,66
13723,2021,Jacob Stallings,31,427,92
4727,2012,Jacoby Ellsbury,28,323,84
4727,2017,Jacoby Ellsbury,33,409,102
4727,2015,Jacoby Ellsbury,31,501,83
4727,2016,Jacoby Ellsbury,32,626,90
4727,2014,Jacoby Ellsbury,30,635,109
4727,2013,Jacoby Ellsbury,29,636,112
4727,2011,Jacoby Ellsbury,27,732,150
14818,2019,JaCoby Jones,27,333,92
14818,2018,JaCoby Jones,26,467,68
15194,2021,Jake Bauers,25,315,63
15194,2018,Jake Bauers,22,388,97
15194,2019,Jake Bauers,23,423,82
22275,2023,Jake Burger,27,540,120
14477,2018,Jake Cave,25,309,109
18036,2023,Jake Cronenworth,29,522,91
18036,2021,Jake Cronenworth,27,643,117
18036,2022,Jake Cronenworth,28,684,109
19260,2023,Jake Fraley,28,380,106
13329,2015,Jake Lamb,24,390,91
13329,2016,Jake Lamb,25,594,114
13329,2017,Jake Lamb,26,635,111
11339,2016,Jake Marisnick,25,311,60
11339,2019,Jake Marisnick,28,318,85
11339,2015,Jake Marisnick,24,372,83
21622,2023,Jake McCarthy,25,312,78
21622,2022,Jake McCarthy,24,354,116
20308,2023,Jake Meyers,27,341,88
19452,2023,Jake Rogers,28,365,98
5408,2016,Jake Smolinski,27,319,77
9767,2014,James Jones,25,328,68
4556,2016,James Loney,32,366,91
4556,2015,James Loney,31,388,87
4556,2012,James Loney,28,465,69
4556,2011,James Loney,27,582,110
4556,2013,James Loney,29,598,117
4556,2010,James Loney,26,648,97
4556,2014,James Loney,30,651,106
12859,2016,James McCann,26,373,67
12859,2017,James McCann,27,391,94
12859,2021,James McCann,31,412,78
12859,2015,James McCann,25,425,84
12859,2018,James McCann,28,457,56
12859,2019,James McCann,29,476,108
24770,2023,James Outman,26,567,118
1591,2010,Jamey Carroll,36,414,104
1591,2011,Jamey Carroll,37,510,103
1591,2012,Jamey Carroll,38,537,86
18607,2022,Jared Walsh,28,454,77
18607,2021,Jared Walsh,27,585,126
22558,2021,Jarred Kelenic,21,377,73
22558,2023,Jarred Kelenic,23,416,109
24617,2023,Jarren Duran,26,362,120
4866,2012,Jarrod Dyson,27,330,80
4866,2016,Jarrod Dyson,31,337,95
4866,2017,Jarrod Dyson,32,390,86
4866,2019,Jarrod Dyson,34,452,68
5557,2011,Jarrod Saltalamacchia,26,386,95
5557,2014,Jarrod Saltalamacchia,29,435,93
5557,2012,Jarrod Saltalamacchia,27,448,96
5557,2013,Jarrod Saltalamacchia,28,470,116
8219,2010,Jason Bartlett,30,532,91
8219,2011,Jason Bartlett,31,618,80
1717,2010,Jason Bay,31,401,106
1717,2011,Jason Bay,32,509,98
8722,2015,Jason Castro,28,375,80
8722,2016,Jason Castro,29,376,90
8722,2017,Jason Castro,30,407,94
8722,2013,Jason Castro,26,491,129
8722,2014,Jason Castro,27,512,86
9331,2010,Jason Donald,25,325,90
4940,2021,Jason Heyward,31,353,70
4940,2023,Jason Heyward,33,377,120
4940,2013,Jason Heyward,23,440,120
4940,2011,Jason Heyward,21,456,96
4940,2017,Jason Heyward,27,481,89
4940,2018,Jason Heyward,28,489,100
4940,2019,Jason Heyward,29,589,100
4940,2016,Jason Heyward,26,592,72
4940,2015,Jason Heyward,25,610,121
4940,2010,Jason Heyward,20,623,134
4940,2014,Jason Heyward,24,649,109
4940,2012,Jason Heyward,22,651,121
993,2010,Jason Kendall,36,490,69
9776,2017,Jason Kipnis,30,373,80
9776,2019,Jason Kipnis,32,511,86
9776,2014,Jason Kipnis,27,555,82
9776,2018,Jason Kipnis,31,601,91
9776,2015,Jason Kipnis,28,641,124
9776,2013,Jason Kipnis,26,658,127
9776,2012,Jason Kipnis,25,672,100
9776,2016,Jason Kipnis,29,688,114
2161,2011,Jason Kubel,29,401,109
2161,2012,Jason Kubel,30,571,117
2161,2010,Jason Kubel,28,582,101
12979,2016,Javier Baez,23,450,94
12979,2017,Javier Baez,24,508,98
12979,2021,Javier Baez,28,547,117
12979,2023,Javier Baez,30,547,63
12979,2019,Javier Baez,26,561,112
12979,2022,Javier Baez,29,590,89
12979,2018,Javier Baez,25,645,131
9892,2019,Jay Bruce,32,333,98
9892,2018,Jay Bruce,31,361,88
9892,2014,Jay Bruce,27,545,79
9892,2010,Jay Bruce,23,573,124
9892,2016,Jay Bruce,29,589,111
9892,2017,Jay Bruce,30,617,118
9892,2012,Jay Bruce,25,633,120
9892,2015,Jay Bruce,28,649,93
9892,2011,Jay Bruce,24,664,119
9892,2013,Jay Bruce,26,697,117
3790,2013,Jayson Nix,30,303,71
3790,2010,Jayson Nix,27,363,82
1327,2012,Jayson Werth,33,344,127
1327,2015,Jayson Werth,36,378,87
1327,2013,Jayson Werth,34,532,159
1327,2016,Jayson Werth,37,606,100
1327,2014,Jayson Werth,35,629,141
1327,2011,Jayson Werth,32,649,100
1327,2010,Jayson Werth,31,652,146
20454,2023,Jazz Chisholm Jr.,25,383,101
20454,2021,Jazz Chisholm Jr.,23,507,94
6677,2013,JB Shuck,26,478,97
5933,2023,Jean Segura,33,326,50
5933,2022,Jean Segura,32,387,105
5933,2014,Jean Segura,24,557,67
5933,2017,Jean Segura,27,566,111
5933,2021,Jean Segura,31,567,110
5933,2015,Jean Segura,25,584,64
5933,2019,Jean Segura,29,618,91
5933,2013,Jean Segura,23,623,105
5933,2018,Jean Segura,28,632,109
5933,2016,Jean Segura,26,694,126
4418,2011,Jed Lowrie,27,341,81
4418,2016,Jed Lowrie,32,369,76
4418,2012,Jed Lowrie,28,387,110
4418,2021,Jed Lowrie,37,512,101
4418,2014,Jed Lowrie,30,566,95
4418,2017,Jed Lowrie,33,645,120
4418,2013,Jed Lowrie,29,662,120
4418,2018,Jed Lowrie,34,680,124
10816,2018,Jedd Gyorko,29,402,111
10816,2016,Jedd Gyorko,27,438,112
10816,2014,Jedd Gyorko,25,443,77
10816,2015,Jedd Gyorko,26,458,93
10816,2017,Jedd Gyorko,28,481,113
10816,2013,Jedd Gyorko,24,525,110
4792,2016,Jeff Francoeur,32,331,78
4792,2015,Jeff Francoeur,31,343,93
4792,2010,Jeff Francoeur,26,503,80
4792,2012,Jeff Francoeur,28,603,76
4792,2011,Jeff Francoeur,27,656,115
3856,2011,Jeff Keppinger,31,400,88
3856,2012,Jeff Keppinger,32,418,128
3856,2013,Jeff Keppinger,33,451,62
3856,2010,Jeff Keppinger,30,575,104
15362,2021,Jeff McNeil,29,426,91
15362,2019,Jeff McNeil,27,567,144
15362,2022,Jeff McNeil,30,589,140
15362,2023,Jeff McNeil,31,648,100
13621,2019,Jeimer Candelario,25,386,73
13621,2022,Jeimer Candelario,28,467,80
13621,2023,Jeimer Candelario,29,576,118
13621,2018,Jeimer Candelario,24,619,93
13621,2021,Jeimer Candelario,27,626,119
2498,2011,Jemile Weeks,24,437,111
2498,2012,Jemile Weeks,25,511,73
21636,2022,Jeremy Pena,24,558,102
21636,2023,Jeremy Pena,25,634,97
144,2011,Jerry Hairston,35,376,103
144,2010,Jerry Hairston,34,476,82
13590,2018,Jesse Winker,24,334,127
13590,2019,Jesse Winker,25,384,111
13590,2021,Jesse Winker,27,485,148
13590,2022,Jesse Winker,28,547,110
11342,2017,Jesus Aguilar,27,311,114
11342,2019,Jesus Aguilar,29,369,89
11342,2022,Jesus Aguilar,32,507,82
11342,2021,Jesus Aguilar,31,510,107
11342,2018,Jesus Aguilar,28,566,135
3118,2013,Jesus Guzman,29,318,92
3118,2012,Jesus Guzman,28,321,105
5514,2012,Jesus Montero,22,553,90
19913,2022,Jesus Sanchez,24,343,88
19913,2023,Jesus Sanchez,25,402,107
1738,2016,Jhonny Peralta,34,313,91
1738,2013,Jhonny Peralta,31,448,124
1738,2011,Jhonny Peralta,29,576,122
1738,2012,Jhonny Peralta,30,585,86
1738,2010,Jhonny Peralta,28,615,91
1738,2014,Jhonny Peralta,32,628,120
1738,2015,Jhonny Peralta,33,640,105
23818,2023,Ji Hwan Bae,23,371,65
5452,2021,Ji-Man Choi,30,305,117
5452,2022,Ji-Man Choi,31,419,114
5452,2019,Ji-Man Choi,28,487,122
409,2011,Jim Thome,40,324,129
409,2010,Jim Thome,39,340,177
5481,2015,Jimmy Paredes,26,384,97
971,2010,Jimmy Rollins,31,394,88
971,2015,Jimmy Rollins,36,563,80
971,2014,Jimmy Rollins,35,609,103
971,2011,Jimmy Rollins,32,631,103
971,2013,Jimmy Rollins,34,666,84
971,2012,Jimmy Rollins,33,699,101
3817,2012,Joaquin Arias,27,344,90
11899,2017,Joc Pederson,25,323,100
11899,2023,Joc Pederson,31,425,109
11899,2022,Joc Pederson,30,433,144
11899,2018,Joc Pederson,26,443,126
11899,2016,Joc Pederson,24,476,128
11899,2021,Joc Pederson,29,481,96
11899,2019,Joc Pederson,27,514,126
11899,2015,Joc Pederson,23,585,116
1857,2011,Joe Mauer,28,333,99
1857,2013,Joe Mauer,30,508,143
1857,2014,Joe Mauer,31,518,105
1857,2018,Joe Mauer,35,543,100
1857,2016,Joe Mauer,33,576,102
1857,2010,Joe Mauer,27,584,135
1857,2017,Joe Mauer,34,597,117
1857,2012,Joe Mauer,29,641,138
1857,2015,Joe Mauer,32,666,93
11936,2018,Joe Panik,27,392,75
11936,2015,Joe Panik,24,432,135
11936,2019,Joe Panik,28,491,76
11936,2016,Joe Panik,25,526,86
11936,2017,Joe Panik,26,573,104
14128,2023,Joey Gallo,29,332,103
14128,2022,Joey Gallo,28,410,84
14128,2017,Joey Gallo,23,532,119
14128,2018,Joey Gallo,24,577,108
14128,2021,Joey Gallo,27,616,123
14366,2023,Joey Meneses,31,657,97
4314,2022,Joey Votto,38,376,92
4314,2012,Joey Votto,28,475,178
4314,2021,Joey Votto,37,533,140
4314,2019,Joey Votto,35,608,98
4314,2018,Joey Votto,34,623,130
4314,2010,Joey Votto,26,648,172
4314,2016,Joey Votto,32,677,158
4314,2015,Joey Votto,31,695,174
4314,2017,Joey Votto,33,707,163
4314,2011,Joey Votto,27,719,157
4314,2013,Joey Votto,29,726,155
13853,2023,Joey Wendle,33,318,45
13853,2022,Joey Wendle,32,371,82
13853,2021,Joey Wendle,31,501,105
13853,2018,Joey Wendle,28,545,117
27690,2023,Joey Wiemer,24,410,75
14950,2018,Johan Camargo,24,524,115
2041,2012,John Buck,31,398,76
2041,2013,John Buck,32,431,84
2041,2010,John Buck,29,437,114
2041,2011,John Buck,30,530,87
12547,2018,John Hicks,28,312,93
12547,2019,John Hicks,29,333,57
5887,2017,John Jaso,33,302,94
5887,2014,John Jaso,30,344,122
5887,2012,John Jaso,28,361,143
5887,2010,John Jaso,26,404,115
5887,2016,John Jaso,32,432,109
3390,2013,John Mayberry,29,384,86
3390,2012,John Mayberry,28,479,88
185,2010,Johnny Damon,36,613,107
185,2011,Johnny Damon,37,647,108
6740,2016,Johnny Giavotella,28,367,79
6740,2015,Johnny Giavotella,27,502,93
12037,2022,Jon Berti,32,404,88
12037,2023,Jon Berti,33,424,101
5227,2010,Jon Jay,25,323,116
5227,2016,Jon Jay,31,373,99
5227,2017,Jon Jay,32,433,101
5227,2014,Jon Jay,29,468,115
5227,2012,Jon Jay,27,502,115
5227,2011,Jon Jay,26,503,115
5227,2018,Jon Jay,33,586,86
5227,2013,Jon Jay,28,628,103
10441,2014,Jon Singleton,22,362,81
16930,2022,Jonah Heim,27,450,99
16930,2023,Jonah Heim,28,501,105
4182,2011,Jonathan Herrera,26,320,58
21523,2022,Jonathan India,25,431,95
21523,2023,Jonathan India,26,529,98
21523,2021,Jonathan India,24,631,122
7870,2019,Jonathan Lucroy,33,328,74
7870,2012,Jonathan Lucroy,26,346,135
7870,2015,Jonathan Lucroy,29,415,95
7870,2018,Jonathan Lucroy,32,454,72
7870,2011,Jonathan Lucroy,25,468,92
7870,2017,Jonathan Lucroy,31,481,80
7870,2016,Jonathan Lucroy,30,544,123
7870,2013,Jonathan Lucroy,27,580,116
7870,2014,Jonathan Lucroy,28,655,133
11265,2015,Jonathan Schoop,23,321,113
11265,2019,Jonathan Schoop,27,464,101
11265,2014,Jonathan Schoop,22,481,64
11265,2018,Jonathan Schoop,26,501,80
11265,2022,Jonathan Schoop,30,510,57
11265,2016,Jonathan Schoop,24,647,99
11265,2021,Jonathan Schoop,29,674,105
11265,2017,Jonathan Schoop,25,675,120
10071,2017,Jonathan Villar,26,436,72
10071,2021,Jonathan Villar,30,505,103
10071,2018,Jonathan Villar,27,515,95
10071,2016,Jonathan Villar,25,679,120
10071,2019,Jonathan Villar,28,714,107
1845,2014,Jonny Gomes,33,321,86
1845,2012,Jonny Gomes,31,333,142
1845,2013,Jonny Gomes,32,366,108
1845,2011,Jonny Gomes,30,372,98
1845,2010,Jonny Gomes,29,571,101
2677,2012,Jordan Pacheco,26,505,90
9883,2011,Jordan Schafer,24,338,76
9883,2012,Jordan Schafer,25,360,63
27475,2023,Jordan Walker,21,465,116
6547,2013,Jordy Mercer,26,365,115
6547,2015,Jordy Mercer,28,430,65
6547,2018,Jordy Mercer,31,436,85
6547,2014,Jordy Mercer,27,555,91
6547,2017,Jordy Mercer,30,558,88
6547,2016,Jordy Mercer,29,584,88
12180,2021,Jorge Alfaro,28,311,68
12180,2018,Jorge Alfaro,25,377,95
12180,2019,Jorge Alfaro,26,465,95
12174,2017,Jorge Bonifacio,24,422,98
2521,2010,Jorge Cantu,28,515,83
17273,2023,Jorge Mateo,28,350,67
17273,2022,Jorge Mateo,27,533,84
13152,2018,Jorge Polanco,24,333,111
13152,2023,Jorge Polanco,29,343,117
13152,2022,Jorge Polanco,28,445,118
13152,2017,Jorge Polanco,23,544,90
13152,2021,Jorge Polanco,27,644,124
13152,2019,Jorge Polanco,25,704,120
841,2011,Jorge Posada,39,387,92
841,2010,Jorge Posada,38,451,119
14221,2022,Jorge Soler,30,306,93
14221,2015,Jorge Soler,23,404,95
14221,2023,Jorge Soler,31,580,125
14221,2021,Jorge Soler,29,602,100
14221,2019,Jorge Soler,27,679,136
15676,2018,Jose Abreu,31,553,114
15676,2023,Jose Abreu,36,594,87
15676,2014,Jose Abreu,27,622,167
15676,2021,Jose Abreu,34,659,125
15676,2015,Jose Abreu,28,668,131
15676,2017,Jose Abreu,30,675,139
15676,2022,Jose Abreu,35,679,137
15676,2019,Jose Abreu,32,693,115
15676,2016,Jose Abreu,29,695,121
5417,2023,Jose Altuve,33,410,155
5417,2019,Jose Altuve,29,548,137
5417,2018,Jose Altuve,28,599,135
5417,2022,Jose Altuve,32,604,164
5417,2012,Jose Altuve,22,630,102
5417,2017,Jose Altuve,27,662,160
5417,2013,Jose Altuve,23,672,84
5417,2021,Jose Altuve,31,678,128
5417,2015,Jose Altuve,25,689,124
5417,2014,Jose Altuve,24,707,137
5417,2016,Jose Altuve,26,717,152
1887,2012,Jose Bautista,31,399,137
1887,2018,Jose Bautista,37,399,106
1887,2016,Jose Bautista,35,517,123
1887,2013,Jose Bautista,32,528,135
1887,2011,Jose Bautista,30,655,180
1887,2015,Jose Bautista,34,666,148
1887,2014,Jose Bautista,33,673,160
1887,2010,Jose Bautista,29,683,165
1887,2017,Jose Bautista,36,686,81
57,2010,Jose Guillen,34,577,98
10231,2013,Jose Iglesias,23,382,102
10231,2015,Jose Iglesias,25,454,97
10231,2018,Jose Iglesias,28,464,89
10231,2022,Jose Iglesias,32,467,87
10231,2017,Jose Iglesias,27,489,72
10231,2021,Jose Iglesias,31,511,89
10231,2016,Jose Iglesias,26,513,74
10231,2019,Jose Iglesias,29,530,82
4243,2013,Jose Lobaton,28,311,101
3114,2010,Jose Lopez,26,622,69
7996,2017,Jose Martinez,28,307,136
7996,2019,Jose Martinez,30,373,102
7996,2018,Jose Martinez,29,590,127
20538,2022,Jose Miranda,24,483,116
25,2013,Jose Molina,38,313,67
13593,2019,Jose Peraza,25,403,59
13593,2017,Jose Peraza,23,518,61
13593,2018,Jose Peraza,24,683,96
5485,2017,Jose Pirela,27,344,120
5485,2018,Jose Pirela,28,473,78
13510,2015,Jose Ramirez,22,355,72
13510,2019,Jose Ramirez,26,542,108
13510,2016,Jose Ramirez,23,618,119
13510,2021,Jose Ramirez,28,636,140
13510,2017,Jose Ramirez,24,645,146
13510,2022,Jose Ramirez,29,685,140
13510,2023,Jose Ramirez,30,691,122
13510,2018,Jose Ramirez,25,698,147
1736,2013,Jose Reyes,30,419,115
1736,2015,Jose Reyes,32,519,81
1736,2017,Jose Reyes,34,561,95
1736,2011,Jose Reyes,28,586,142
1736,2010,Jose Reyes,27,603,102
1736,2014,Jose Reyes,31,655,104
1736,2012,Jose Reyes,29,716,111
17452,2022,Jose Siri,26,325,75
17452,2023,Jose Siri,27,364,106
2411,2013,Jose Tabata,24,341,119
2411,2012,Jose Tabata,23,374,86
2411,2011,Jose Tabata,22,382,103
2411,2010,Jose Tabata,21,441,106
16725,2021,Jose Trevino,28,302,63
16725,2022,Jose Trevino,29,353,90
13145,2021,Josh Bell,28,568,119
13145,2018,Josh Bell,25,583,111
13145,2019,Josh Bell,26,613,135
13145,2023,Josh Bell,30,617,103
13145,2017,Josh Bell,24,620,108
13145,2022,Josh Bell,29,647,124
5038,2017,Josh Donaldson,31,496,151
5038,2021,Josh Donaldson,35,543,126
5038,2022,Josh Donaldson,36,546,96
5038,2019,Josh Donaldson,33,659,131
5038,2013,Josh Donaldson,27,668,147
5038,2014,Josh Donaldson,28,695,130
5038,2016,Josh Donaldson,30,700,157
5038,2015,Josh Donaldson,29,711,154
1875,2014,Josh Hamilton,33,381,113
1875,2011,Josh Hamilton,30,538,127
1875,2010,Josh Hamilton,29,571,175
1875,2012,Josh Hamilton,31,636,141
1875,2013,Josh Hamilton,32,636,105
8202,2018,Josh Harrison,30,374,77
8202,2022,Josh Harrison,34,425,97
8202,2015,Josh Harrison,27,449,98
8202,2016,Josh Harrison,28,522,86
8202,2017,Josh Harrison,29,542,104
8202,2014,Josh Harrison,26,550,137
8202,2021,Josh Harrison,33,558,104
26299,2023,Josh Jung,25,515,112
19953,2023,Josh Lowe,25,501,130
18839,2023,Josh Naylor,26,495,127
18839,2022,Josh Naylor,25,498,118
9308,2019,Josh Phegley,31,342,83
3892,2014,Josh Reddick,27,396,118
3892,2016,Josh Reddick,29,439,104
3892,2013,Josh Reddick,26,441,92
3892,2018,Josh Reddick,31,487,99
3892,2017,Josh Reddick,30,540,127
3892,2019,Josh Reddick,32,550,92
3892,2015,Josh Reddick,28,582,116
3892,2012,Josh Reddick,25,673,108
19734,2023,Josh Rojas,29,350,78
19734,2022,Josh Rojas,28,510,109
19734,2021,Josh Rojas,27,550,103
11167,2013,Josh Rutledge,24,314,58
11167,2014,Josh Rutledge,25,342,87
9689,2012,Josh Thole,25,354,61
9689,2011,Josh Thole,24,386,94
15170,2021,Josh VanMeter,26,310,77
2103,2014,Josh Willingham,35,364,112
2103,2010,Josh Willingham,31,451,132
2103,2013,Josh Willingham,34,471,101
2103,2011,Josh Willingham,32,563,123
2103,2012,Josh Willingham,33,615,141
2102,2010,Josh Wilson,29,388,63
17642,2018,JT Riddle,26,332,79
6978,2014,Juan Francisco,27,320,108
6978,2013,Juan Francisco,26,385,95
5384,2021,Juan Lagares,32,327,70
5384,2013,Juan Lagares,24,421,75
5384,2014,Juan Lagares,25,452,101
5384,2015,Juan Lagares,26,465,79
443,2013,Juan Pierre,35,330,64
443,2012,Juan Pierre,34,439,99
443,2011,Juan Pierre,33,711,80
443,2010,Juan Pierre,32,734,80
843,2012,Juan Rivera,33,339,81
843,2010,Juan Rivera,31,455,98
843,2011,Juan Rivera,32,521,93
20123,2018,Juan Soto,19,494,146
20123,2021,Juan Soto,22,654,164
20123,2019,Juan Soto,20,659,143
20123,2022,Juan Soto,23,664,146
20123,2023,Juan Soto,24,708,154
454,2015,Juan Uribe,36,397,104
454,2014,Juan Uribe,35,404,122
454,2013,Juan Uribe,34,426,116
454,2010,Juan Uribe,31,575,102
3209,2010,Julio Borbon,24,468,70
23697,2022,Julio Rodriguez,21,560,148
23697,2023,Julio Rodriguez,22,714,128
17182,2016,Jung Ho Kang,29,370,132
17182,2015,Jung Ho Kang,28,467,128
4672,2014,Junior Lake,24,326,65
10815,2016,Jurickson Profar,23,307,75
10815,2013,Jurickson Profar,20,324,75
10815,2021,Jurickson Profar,28,412,87
10815,2019,Jurickson Profar,26,518,90
10815,2023,Jurickson Profar,30,521,78
10815,2018,Jurickson Profar,25,594,107
10815,2022,Jurickson Profar,29,658,110
9744,2016,Justin Bour,28,321,118
9744,2017,Justin Bour,29,429,134
9744,2015,Justin Bour,27,446,119
9744,2018,Justin Bour,30,501,107
6827,2012,Justin Maxwell,28,352,106
1737,2010,Justin Morneau,29,348,183
1737,2014,Justin Morneau,33,550,122
1737,2012,Justin Morneau,31,570,107
1737,2013,Justin Morneau,32,635,101
7620,2012,Justin Ruggiano,30,320,148
7620,2013,Justin Ruggiano,31,472,94
9054,2015,Justin Smoak,28,328,108
9054,2016,Justin Smoak,29,341,92
9054,2010,Justin Smoak,23,397,81
9054,2011,Justin Smoak,24,489,103
9054,2019,Justin Smoak,32,500,102
9054,2013,Justin Smoak,26,521,112
9054,2012,Justin Smoak,25,535,85
9054,2018,Justin Smoak,31,594,120
9054,2017,Justin Smoak,30,637,133
5235,2014,Justin Turner,29,322,158
5235,2018,Justin Turner,33,426,154
5235,2015,Justin Turner,30,439,141
5235,2011,Justin Turner,26,487,96
5235,2022,Justin Turner,37,532,123
5235,2017,Justin Turner,32,543,151
5235,2019,Justin Turner,34,549,131
5235,2021,Justin Turner,36,612,126
5235,2016,Justin Turner,31,622,123
5235,2023,Justin Turner,38,626,115
5222,2021,Justin Upton,33,362,91
5222,2010,Justin Upton,22,571,109
5222,2018,Justin Upton,30,613,121
5222,2015,Justin Upton,27,620,119
5222,2016,Justin Upton,28,626,105
5222,2012,Justin Upton,24,628,109
5222,2017,Justin Upton,29,635,137
5222,2014,Justin Upton,26,641,133
5222,2013,Justin Upton,25,643,129
5222,2011,Justin Upton,23,674,140
18577,2021,Ke'Bryan Hayes,24,396,85
18577,2023,Ke'Bryan Hayes,26,525,100
18577,2022,Ke'Bryan Hayes,25,560,86
19610,2022,Keibert Ruiz,23,433,92
19610,2023,Keibert Ruiz,24,562,94
2234,2016,Kelly Johnson,34,333,88
2234,2015,Kelly Johnson,33,335,106
2234,2013,Kelly Johnson,31,407,100
2234,2012,Kelly Johnson,30,581,84
2234,2011,Kelly Johnson,29,613,93
2234,2010,Kelly Johnson,28,671,129
8610,2014,Kendrys Morales,31,401,72
8610,2018,Kendrys Morales,35,471,107
8610,2012,Kendrys Morales,29,522,119
8610,2017,Kendrys Morales,34,608,98
8610,2016,Kendrys Morales,33,618,111
8610,2015,Kendrys Morales,32,639,131
8610,2013,Kendrys Morales,30,657,119
9253,2017,Keon Broxton,27,463,85
25961,2023,Kerry Carpenter,25,459,123
20003,2019,Keston Hiura,22,348,139
13613,2021,Ketel Marte,27,374,141
13613,2016,Ketel Marte,22,466,67
13613,2022,Ketel Marte,28,558,102
13613,2018,Ketel Marte,24,580,105
13613,2019,Ketel Marte,25,628,150
13613,2023,Ketel Marte,29,650,126
11038,2014,Kevin Kiermaier,24,364,117
11038,2018,Kevin Kiermaier,28,367,79
11038,2021,Kevin Kiermaier,31,390,101
11038,2023,Kevin Kiermaier,33,408,104
11038,2016,Kevin Kiermaier,26,414,104
11038,2017,Kevin Kiermaier,27,421,113
11038,2019,Kevin Kiermaier,29,480,79
11038,2015,Kevin Kiermaier,25,535,97
5995,2010,Kevin Kouzmanoff,28,586,83
17696,2022,Kevin Newman,28,309,92
17696,2019,Kevin Newman,25,531,109
17696,2021,Kevin Newman,27,554,52
12434,2021,Kevin Pillar,32,347,88
12434,2018,Kevin Pillar,29,542,88
12434,2016,Kevin Pillar,27,584,82
12434,2015,Kevin Pillar,26,628,94
12434,2017,Kevin Pillar,28,632,86
12434,2019,Kevin Pillar,30,645,84
1935,2010,Kevin Youkilis,31,435,159
1935,2012,Kevin Youkilis,33,509,103
1935,2011,Kevin Youkilis,32,517,126
9112,2015,Khris Davis,27,440,122
9112,2019,Khris Davis,31,533,81
9112,2014,Khris Davis,26,549,107
9112,2016,Khris Davis,28,610,122
9112,2017,Khris Davis,29,652,130
9112,2018,Khris Davis,30,654,136
6400,2012,Kirk Nieuwenhuis,24,314,94
6400,2016,Kirk Nieuwenhuis,28,392,91
11200,2022,Kole Calhoun,34,424,66
11200,2014,Kole Calhoun,26,537,124
11200,2018,Kole Calhoun,30,552,77
11200,2019,Kole Calhoun,31,632,105
11200,2017,Kole Calhoun,29,654,97
11200,2016,Kole Calhoun,28,672,117
11200,2015,Kole Calhoun,27,686,103
12532,2016,Kolten Wong,25,361,85
12532,2018,Kolten Wong,27,407,99
12532,2017,Kolten Wong,26,411,108
12532,2014,Kolten Wong,23,433,90
12532,2021,Kolten Wong,30,492,109
12532,2022,Kolten Wong,31,497,117
12532,2019,Kolten Wong,28,549,109
12532,2015,Kolten Wong,24,613,96
3263,2010,Kosuke Fukudome,33,429,119
3263,2011,Kosuke Fukudome,34,603,97
15429,2023,Kris Bryant,31,335,75
15429,2018,Kris Bryant,26,457,126
15429,2021,Kris Bryant,29,586,124
15429,2019,Kris Bryant,27,634,134
15429,2015,Kris Bryant,23,650,136
15429,2017,Kris Bryant,25,665,147
15429,2016,Kris Bryant,24,699,148
8259,2017,Kurt Suzuki,33,309,126
8259,2019,Kurt Suzuki,35,309,105
8259,2013,Kurt Suzuki,29,316,67
8259,2016,Kurt Suzuki,32,373,86
8259,2018,Kurt Suzuki,34,388,107
8259,2012,Kurt Suzuki,28,442,63
8259,2015,Kurt Suzuki,31,479,64
8259,2014,Kurt Suzuki,30,503,106
8259,2011,Kurt Suzuki,27,515,90
8259,2010,Kurt Suzuki,26,544,84
49,2013,Kyle Blanks,26,308,94
14813,2023,Kyle Farmer,32,369,100
14813,2021,Kyle Farmer,30,529,91
14813,2022,Kyle Farmer,31,583,92
21614,2023,Kyle Isbel,26,313,75
16478,2021,Kyle Schwarber,28,471,145
16478,2017,Kyle Schwarber,24,486,103
16478,2018,Kyle Schwarber,25,510,115
16478,2019,Kyle Schwarber,26,610,119
16478,2022,Kyle Schwarber,29,669,129
16478,2023,Kyle Schwarber,30,720,120
9785,2019,Kyle Seager,31,443,111
9785,2018,Kyle Seager,30,630,83
9785,2017,Kyle Seager,29,650,106
9785,2012,Kyle Seager,24,651,108
9785,2014,Kyle Seager,26,654,127
9785,2021,Kyle Seager,33,670,98
9785,2016,Kyle Seager,28,676,134
9785,2015,Kyle Seager,27,686,115
9785,2013,Kyle Seager,25,695,116
18345,2021,Kyle Tucker,24,567,146
18345,2022,Kyle Tucker,25,609,130
18345,2023,Kyle Tucker,26,674,140
18126,2021,LaMonte Wade Jr.,27,381,118
18126,2023,LaMonte Wade Jr.,29,519,120
548,2010,Lance Berkman,34,481,114
548,2011,Lance Berkman,35,587,163
16939,2022,Lane Thomas,26,548,98
16939,2023,Lane Thomas,27,682,110
21454,2022,Lars Nootbaar,24,347,123
21454,2023,Lars Nootbaar,25,503,118
6441,2010,Lastings Milledge,25,412,95
1766,2011,Laynce Nix,30,351,103
18900,2022,Leody Taveras,23,341,93
18900,2023,Leody Taveras,24,554,100
11846,2015,Leonys Martin,27,310,52
11846,2018,Leonys Martin,30,353,101
11846,2013,Leonys Martin,25,508,87
11846,2016,Leonys Martin,28,576,89
11846,2014,Leonys Martin,26,583,91
5913,2022,Leury Garcia,31,315,38
5913,2017,Leury Garcia,26,326,98
5913,2021,Leury Garcia,30,474,96
5913,2019,Leury Garcia,28,618,82
14352,2018,Lewis Brinson,24,406,56
7185,2014,Logan Forsythe,27,336,78
7185,2012,Logan Forsythe,25,350,110
7185,2019,Logan Forsythe,32,367,75
7185,2018,Logan Forsythe,31,416,71
7185,2017,Logan Forsythe,30,439,90
7185,2016,Logan Forsythe,29,567,113
7185,2015,Logan Forsythe,28,615,125
9205,2013,Logan Morrison,25,333,98
9205,2012,Logan Morrison,24,334,93
9205,2018,Logan Morrison,30,359,75
9205,2014,Logan Morrison,26,365,111
9205,2016,Logan Morrison,28,398,100
9205,2015,Logan Morrison,27,511,90
9205,2011,Logan Morrison,23,525,116
9205,2017,Logan Morrison,29,601,131
7937,2013,Logan Schafer,26,337,63
7571,2013,Lonnie Chisenhall,24,308,83
7571,2015,Lonnie Chisenhall,26,362,78
7571,2016,Lonnie Chisenhall,27,418,100
7571,2014,Lonnie Chisenhall,25,533,117
9077,2016,Lorenzo Cain,30,434,99
9077,2013,Lorenzo Cain,27,442,80
9077,2014,Lorenzo Cain,28,502,109
9077,2015,Lorenzo Cain,29,604,128
9077,2018,Lorenzo Cain,32,620,125
9077,2019,Lorenzo Cain,33,623,83
9077,2017,Lorenzo Cain,31,645,115
19238,2019,Lourdes Gurriel Jr.,25,343,125
19238,2022,Lourdes Gurriel Jr.,28,493,115
19238,2021,Lourdes Gurriel Jr.,27,541,107
19238,2023,Lourdes Gurriel Jr.,29,592,105
2502,2011,Lucas Duda,25,347,136
2502,2018,Lucas Duda,32,367,96
2502,2013,Lucas Duda,27,384,120
2502,2012,Lucas Duda,26,459,103
2502,2017,Lucas Duda,31,491,114
2502,2015,Lucas Duda,29,554,132
2502,2014,Lucas Duda,28,596,135
18568,2019,Luis Arraez,22,366,126
18568,2021,Luis Arraez,24,479,105
18568,2022,Luis Arraez,25,603,130
18568,2023,Luis Arraez,26,617,130
20391,2022,Luis Garcia Jr.,22,377,95
20391,2023,Luis Garcia Jr.,23,482,85
20332,2022,Luis Gonzalez,26,350,95
16451,2022,Luis Guillorme,27,335,104
19858,2019,Luis Rengifo,22,406,83
19858,2023,Luis Rengifo,26,445,114
19858,2022,Luis Rengifo,25,511,102
20043,2022,Luis Robert Jr.,24,401,111
20043,2023,Luis Robert Jr.,25,595,128
15905,2021,Luis Torrens,25,378,101
16622,2022,Luis Urias,25,472,110
16622,2021,Luis Urias,24,570,112
4969,2012,Luis Valbuena,26,303,77
4969,2010,Luis Valbuena,24,310,50
4969,2016,Luis Valbuena,30,342,124
4969,2013,Luis Valbuena,27,391,98
4969,2017,Luis Valbuena,31,401,93
4969,2015,Luis Valbuena,29,493,108
4969,2014,Luis Valbuena,28,547,118
4898,2011,Luke Hughes,26,317,73
19354,2023,Luke Raley,28,406,129
3469,2012,Luke Scott,34,344,98
3469,2010,Luke Scott,32,517,140
14811,2019,Luke Voit,28,510,126
14811,2022,Luke Voit,31,568,103
1617,2011,Lyle Overbay,34,440,88
1617,2013,Lyle Overbay,36,485,87
1617,2010,Lyle Overbay,33,608,105
248,2011,Magglio Ordonez,37,357,72
248,2010,Magglio Ordonez,36,365,133
2437,2012,Maicer Izturis,31,319,83
2437,2013,Maicer Izturis,32,399,64
2437,2011,Maicer Izturis,30,494,102
12179,2015,Maikel Franco,22,335,129
12179,2022,Maikel Franco,29,388,66
12179,2021,Maikel Franco,28,403,62
12179,2019,Maikel Franco,26,428,69
12179,2018,Maikel Franco,25,465,105
12179,2017,Maikel Franco,24,623,76
12179,2016,Maikel Franco,23,630,92
22715,2023,Maikel Garcia,23,515,83
13608,2018,Mallex Smith,25,544,118
13608,2019,Mallex Smith,26,566,74
11493,2014,Manny Machado,21,354,111
11493,2023,Manny Machado,30,601,113
11493,2021,Manny Machado,28,640,123
11493,2022,Manny Machado,29,644,152
11493,2019,Manny Machado,26,661,109
11493,2017,Manny Machado,24,690,102
11493,2016,Manny Machado,23,696,131
11493,2018,Manny Machado,25,709,141
11493,2013,Manny Machado,20,710,102
11493,2015,Manny Machado,22,713,135
2829,2018,Manny Pina,31,337,86
2829,2017,Manny Pina,30,359,95
210,2010,Manny Ramirez,38,320,140
14712,2023,Manuel Margot,28,336,92
14712,2022,Manuel Margot,27,363,104
14712,2019,Manuel Margot,24,441,84
14712,2021,Manuel Margot,26,464,94
14712,2018,Manuel Margot,23,519,81
14712,2017,Manuel Margot,22,529,90
10324,2015,Marcell Ozuna,24,494,92
10324,2022,Marcell Ozuna,31,507,90
10324,2019,Marcell Ozuna,28,549,110
10324,2023,Marcell Ozuna,32,592,140
10324,2016,Marcell Ozuna,25,608,109
10324,2014,Marcell Ozuna,23,612,116
10324,2018,Marcell Ozuna,27,628,107
10324,2017,Marcell Ozuna,26,679,143
1555,2011,Marco Scutaro,35,445,112
1555,2013,Marco Scutaro,37,547,112
1555,2012,Marco Scutaro,36,683,98
1555,2010,Marco Scutaro,34,695,93
12533,2017,Marcus Semien,26,386,97
12533,2015,Marcus Semien,24,601,97
12533,2016,Marcus Semien,25,621,98
12533,2018,Marcus Semien,27,703,97
12533,2021,Marcus Semien,30,724,131
12533,2022,Marcus Semien,31,724,107
12533,2019,Marcus Semien,28,747,138
12533,2023,Marcus Semien,32,753,126
11445,2018,Mark Canha,29,411,115
11445,2015,Mark Canha,26,485,105
11445,2019,Mark Canha,30,497,146
11445,2023,Mark Canha,34,507,111
11445,2022,Mark Canha,33,542,126
11445,2021,Mark Canha,32,625,116
1443,2012,Mark Ellis,35,464,97
1443,2013,Mark Ellis,36,480,92
1443,2010,Mark Ellis,33,492,106
1443,2011,Mark Ellis,34,519,67
1042,2010,Mark Kotsay,34,359,80
7619,2015,Mark Reynolds,31,432,98
7619,2014,Mark Reynolds,30,433,87
7619,2016,Mark Reynolds,32,441,101
7619,2013,Mark Reynolds,29,504,94
7619,2012,Mark Reynolds,28,538,109
7619,2017,Mark Reynolds,33,593,105
7619,2010,Mark Reynolds,26,596,96
7619,2011,Mark Reynolds,27,620,116
1281,2016,Mark Teixeira,36,438,76
1281,2015,Mark Teixeira,35,462,143
1281,2014,Mark Teixeira,34,508,102
1281,2012,Mark Teixeira,32,524,116
1281,2011,Mark Teixeira,31,684,124
1281,2010,Mark Teixeira,30,712,128
6876,2018,Mark Trumbo,32,358,107
6876,2014,Mark Trumbo,28,362,90
6876,2015,Mark Trumbo,29,545,107
6876,2011,Mark Trumbo,25,573,109
6876,2012,Mark Trumbo,26,586,124
6876,2017,Mark Trumbo,31,603,79
6876,2016,Mark Trumbo,30,667,125
6876,2013,Mark Trumbo,27,678,107
950,2011,Marlon Byrd,33,482,94
950,2015,Marlon Byrd,37,544,100
950,2013,Marlon Byrd,35,579,137
950,2010,Marlon Byrd,32,630,108
950,2014,Marlon Byrd,36,637,110
6887,2019,Martin Maldonado,32,374,76
6887,2022,Martin Maldonado,35,379,71
6887,2018,Martin Maldonado,31,404,72
6887,2023,Martin Maldonado,36,407,67
6887,2021,Martin Maldonado,34,426,61
6887,2017,Martin Maldonado,30,471,72
3312,2015,Martin Prado,31,551,102
3312,2014,Martin Prado,30,573,102
3312,2011,Martin Prado,27,590,89
3312,2010,Martin Prado,26,651,118
3312,2016,Martin Prado,32,658,112
3312,2013,Martin Prado,29,664,104
3312,2012,Martin Prado,28,690,117
5497,2021,Marwin Gonzalez,32,307,57
5497,2014,Marwin Gonzalez,25,310,110
5497,2015,Marwin Gonzalez,26,370,111
5497,2019,Marwin Gonzalez,30,463,94
5497,2017,Marwin Gonzalez,28,515,144
5497,2016,Marwin Gonzalez,27,518,89
5497,2018,Marwin Gonzalez,29,552,104
31837,2023,Masataka Yoshida,29,580,110
9393,2013,Matt Adams,24,319,135
9393,2016,Matt Adams,27,327,106
9393,2019,Matt Adams,30,333,85
9393,2018,Matt Adams,29,337,108
9393,2017,Matt Adams,28,367,110
9393,2014,Matt Adams,25,563,116
8090,2012,Matt Carpenter,26,340,124
8090,2019,Matt Carpenter,33,492,96
8090,2016,Matt Carpenter,30,566,136
8090,2017,Matt Carpenter,31,622,124
8090,2015,Matt Carpenter,29,665,140
8090,2018,Matt Carpenter,32,677,140
8090,2014,Matt Carpenter,28,709,117
8090,2013,Matt Carpenter,27,717,146
16505,2017,Matt Chapman,24,326,110
16505,2023,Matt Chapman,30,581,110
16505,2018,Matt Chapman,25,616,139
16505,2022,Matt Chapman,29,621,118
16505,2021,Matt Chapman,28,622,101
16505,2019,Matt Chapman,26,670,125
7226,2017,Matt Davidson,26,443,85
7226,2018,Matt Davidson,27,496,104
4903,2013,Matt Dominguez,23,589,87
4903,2014,Matt Dominguez,24,607,65
13836,2021,Matt Duffy,30,322,104
13836,2016,Matt Duffy,25,366,82
13836,2018,Matt Duffy,27,560,107
13836,2015,Matt Duffy,24,612,113
1873,2016,Matt Holliday,36,426,109
1873,2017,Matt Holliday,37,427,99
1873,2011,Matt Holliday,31,516,154
1873,2013,Matt Holliday,33,602,147
1873,2014,Matt Holliday,34,667,132
1873,2010,Matt Holliday,30,675,149
1873,2012,Matt Holliday,32,688,140
3353,2012,Matt Joyce,27,462,116
3353,2013,Matt Joyce,28,481,111
3353,2014,Matt Joyce,29,493,111
3353,2011,Matt Joyce,26,522,126
3353,2017,Matt Joyce,32,544,117
5631,2012,Matt Kemp,27,449,145
5631,2017,Matt Kemp,32,467,97
5631,2018,Matt Kemp,33,506,122
5631,2014,Matt Kemp,29,599,141
5631,2015,Matt Kemp,30,648,109
5631,2010,Matt Kemp,25,668,106
5631,2016,Matt Kemp,31,672,108
5631,2011,Matt Kemp,26,689,168
2280,2011,Matt LaPorta,26,385,96
2280,2010,Matt LaPorta,25,425,86
29695,2023,Matt McLain,23,403,127
14344,2019,Matt Olson,25,547,135
14344,2018,Matt Olson,24,660,119
14344,2021,Matt Olson,27,673,147
14344,2022,Matt Olson,28,699,121
14344,2023,Matt Olson,29,720,161
19318,2023,Matt Thaiss,28,307,84
21558,2022,Matt Vierling,25,357,82
21558,2023,Matt Vierling,26,530,100
4298,2016,Matt Wieters,30,464,90
4298,2017,Matt Wieters,31,465,61
4298,2010,Matt Wieters,24,502,84
4298,2011,Matt Wieters,25,551,110
4298,2013,Matt Wieters,27,579,86
4298,2012,Matt Wieters,26,593,107
16530,2023,Mauricio Dubon,28,492,98
12144,2022,Max Kepler,29,446,94
12144,2016,Max Kepler,23,447,93
12144,2021,Max Kepler,28,490,97
12144,2023,Max Kepler,30,491,123
12144,2017,Max Kepler,24,568,94
12144,2019,Max Kepler,26,596,122
12144,2018,Max Kepler,25,611,98
13301,2018,Max Muncy,27,481,162
13301,2022,Max Muncy,31,565,106
13301,2023,Max Muncy,32,579,118
13301,2019,Max Muncy,28,589,133
13301,2021,Max Muncy,30,592,139
10059,2021,Max Stassi,30,319,105
10059,2022,Max Stassi,31,375,63
4022,2013,Melky Cabrera,28,372,87
4022,2019,Melky Cabrera,34,397,84
4022,2012,Melky Cabrera,27,501,151
4022,2010,Melky Cabrera,25,509,77
4022,2014,Melky Cabrera,29,621,127
4022,2016,Melky Cabrera,31,646,116
4022,2017,Melky Cabrera,32,666,98
4022,2015,Melky Cabrera,30,683,94
4022,2011,Melky Cabrera,26,706,118
157,2010,Melvin Mora,38,354,99
5015,2013,Melvin Upton Jr.,28,446,56
5015,2016,Melvin Upton Jr.,31,539,84
5015,2014,Melvin Upton Jr.,29,582,74
5015,2010,Melvin Upton Jr.,25,610,107
5015,2012,Melvin Upton Jr.,27,633,108
5015,2011,Melvin Upton Jr.,26,640,113
11489,2018,Michael A. Taylor,27,385,71
11489,2023,Michael A. Taylor,32,388,95
11489,2017,Michael A. Taylor,26,432,104
11489,2022,Michael A. Taylor,31,456,88
11489,2015,Michael A. Taylor,24,511,69
11489,2021,Michael A. Taylor,30,528,75
6387,2016,Michael Bourn,33,413,79
6387,2015,Michael Bourn,32,482,65
6387,2014,Michael Bourn,31,487,90
6387,2013,Michael Bourn,30,575,88
6387,2010,Michael Bourn,27,605,89
6387,2012,Michael Bourn,29,703,104
6387,2011,Michael Bourn,28,722,104
4106,2010,Michael Brantley,23,325,73
4106,2017,Michael Brantley,30,375,109
4106,2011,Michael Brantley,24,496,95
4106,2021,Michael Brantley,34,508,121
4106,2015,Michael Brantley,28,596,133
4106,2012,Michael Brantley,25,609,105
4106,2013,Michael Brantley,26,611,101
4106,2018,Michael Brantley,31,631,125
4106,2019,Michael Brantley,32,637,132
4106,2014,Michael Brantley,27,676,151
17321,2019,Michael Chavis,23,382,96
17321,2022,Michael Chavis,26,426,78
16376,2016,Michael Conforto,23,348,97
16376,2017,Michael Conforto,24,440,147
16376,2023,Michael Conforto,30,470,99
16376,2021,Michael Conforto,28,479,104
16376,2018,Michael Conforto,25,638,119
16376,2019,Michael Conforto,26,648,127
1534,2012,Michael Cuddyer,33,394,99
1534,2015,Michael Cuddyer,36,408,97
1534,2013,Michael Cuddyer,34,540,138
1534,2011,Michael Cuddyer,32,584,120
1534,2010,Michael Cuddyer,31,675,103
25931,2022,Michael Harris II,21,441,137
25931,2023,Michael Harris II,22,539,115
27684,2023,Michael Massey,25,461,72
3035,2013,Michael Morse,31,337,81
3035,2012,Michael Morse,30,430,113
3035,2014,Michael Morse,32,482,132
3035,2011,Michael Morse,29,575,148
9981,2010,Michael Saunders,23,327,87
9981,2013,Michael Saunders,26,468,101
9981,2012,Michael Saunders,25,553,108
9981,2016,Michael Saunders,29,558,119
1286,2013,Michael Young,36,565,102
1286,2012,Michael Young,35,651,79
1286,2011,Michael Young,34,689,127
1286,2010,Michael Young,33,718,101
19956,2023,Mickey Moniak,25,323,114
15878,2018,Miguel Andujar,23,606,129
1744,2023,Miguel Cabrera,40,370,89
1744,2022,Miguel Cabrera,39,433,78
1744,2015,Miguel Cabrera,32,511,165
1744,2021,Miguel Cabrera,38,526,92
1744,2017,Miguel Cabrera,34,529,92
1744,2019,Miguel Cabrera,36,549,97
1744,2010,Miguel Cabrera,27,648,171
1744,2013,Miguel Cabrera,30,652,193
1744,2016,Miguel Cabrera,33,679,153
1744,2014,Miguel Cabrera,31,685,148
1744,2011,Miguel Cabrera,28,688,177
1744,2012,Miguel Cabrera,29,697,166
3364,2010,Miguel Montero,26,331,100
3364,2015,Miguel Montero,31,403,107
3364,2013,Miguel Montero,29,475,81
3364,2011,Miguel Montero,27,553,118
3364,2014,Miguel Montero,30,560,89
3364,2012,Miguel Montero,28,573,125
1638,2012,Miguel Olivo,33,323,71
1638,2010,Miguel Olivo,31,427,88
1638,2011,Miguel Olivo,32,507,75
7802,2017,Miguel Rojas,28,306,98
7802,2023,Miguel Rojas,34,423,69
7802,2022,Miguel Rojas,33,507,68
7802,2019,Miguel Rojas,30,526,90
7802,2018,Miguel Rojas,29,528,79
7802,2021,Miguel Rojas,32,539,93
12164,2015,Miguel Sano,22,335,149
12164,2019,Miguel Sano,26,439,138
12164,2017,Miguel Sano,24,483,125
12164,2016,Miguel Sano,23,495,107
12164,2021,Miguel Sano,28,532,112
941,2011,Miguel Tejada,37,343,63
941,2010,Miguel Tejada,36,681,88
20178,2023,Miguel Vargas,23,304,85
5986,2011,Mike Aviles,30,309,85
5986,2015,Mike Aviles,34,317,63
5986,2014,Mike Aviles,33,374,70
5986,2013,Mike Aviles,32,394,77
5986,2010,Mike Aviles,29,448,103
5986,2012,Mike Aviles,31,546,75
7480,2011,Mike Carp,25,313,123
4892,2011,Mike Moustakas,22,365,84
4892,2023,Mike Moustakas,34,386,78
4892,2014,Mike Moustakas,25,500,75
4892,2013,Mike Moustakas,24,514,77
4892,2019,Mike Moustakas,30,584,113
4892,2017,Mike Moustakas,28,598,113
4892,2015,Mike Moustakas,26,614,123
4892,2012,Mike Moustakas,23,614,90
4892,2018,Mike Moustakas,29,635,105
3057,2012,Mike Napoli,30,417,116
3057,2011,Mike Napoli,29,432,179
3057,2015,Mike Napoli,33,469,99
3057,2017,Mike Napoli,35,485,77
3057,2014,Mike Napoli,32,500,123
3057,2010,Mike Napoli,28,510,115
3057,2013,Mike Napoli,31,578,128
3057,2016,Mike Napoli,34,645,111
15274,2023,Mike Tauchman,32,401,109
10155,2023,Mike Trout,31,362,134
10155,2022,Mike Trout,30,499,176
10155,2017,Mike Trout,25,507,180
10155,2019,Mike Trout,27,600,177
10155,2018,Mike Trout,26,608,188
10155,2012,Mike Trout,20,639,167
10155,2016,Mike Trout,24,681,170
10155,2015,Mike Trout,23,682,171
10155,2014,Mike Trout,22,705,167
10155,2013,Mike Trout,21,716,176
14854,2023,Mike Yastrzemski,32,381,111
14854,2019,Mike Yastrzemski,28,411,120
14854,2021,Mike Yastrzemski,30,532,106
14854,2022,Mike Yastrzemski,31,558,99
13265,2021,Mike Zunino,30,375,133
13265,2015,Mike Zunino,24,386,47
13265,2018,Mike Zunino,27,405,83
13265,2017,Mike Zunino,26,435,126
13265,2014,Mike Zunino,23,476,87
13130,2017,Mikie Mahtook,27,379,107
15161,2018,Mitch Garver,27,335,104
15161,2023,Mitch Garver,32,344,140
15161,2019,Mitch Garver,28,359,155
14274,2017,Mitch Haniger,26,410,129
14274,2018,Mitch Haniger,27,683,137
14274,2021,Mitch Haniger,30,691,120
5588,2010,Mitch Maier,28,421,93
3086,2019,Mitch Moreland,33,335,112
3086,2012,Mitch Moreland,26,357,105
3086,2018,Mitch Moreland,32,459,101
3086,2016,Mitch Moreland,30,503,83
3086,2011,Mitch Moreland,25,512,93
3086,2015,Mitch Moreland,29,515,117
3086,2013,Mitch Moreland,27,518,95
3086,2017,Mitch Moreland,31,576,98
22197,2022,MJ Melendez,23,534,97
22197,2023,MJ Melendez,24,602,91
13611,2021,Mookie Betts,28,550,131
13611,2018,Mookie Betts,25,614,185
13611,2022,Mookie Betts,29,639,144
13611,2015,Mookie Betts,22,654,120
13611,2023,Mookie Betts,30,693,166
13611,2019,Mookie Betts,26,706,135
13611,2017,Mookie Betts,24,712,107
13611,2016,Mookie Betts,23,730,136
17620,2023,Myles Straw,28,518,68
17620,2022,Myles Straw,27,596,65
17620,2021,Myles Straw,26,638,98
3190,2011,Nate McLouth,29,321,92
3190,2013,Nate McLouth,31,593,100
6201,2011,Nate Schierholtz,27,362,112
6201,2014,Nate Schierholtz,30,383,52
6201,2013,Nate Schierholtz,29,503,109
19566,2021,Nathaniel Lowe,25,642,114
19566,2022,Nathaniel Lowe,26,645,143
19566,2023,Nathaniel Lowe,27,724,117
7539,2019,Neil Walker,33,381,99
7539,2018,Neil Walker,32,398,82
7539,2017,Neil Walker,31,448,115
7539,2016,Neil Walker,30,458,124
7539,2010,Neil Walker,24,469,121
7539,2012,Neil Walker,26,530,112
7539,2013,Neil Walker,27,551,115
7539,2014,Neil Walker,28,571,130
7539,2015,Neil Walker,29,603,106
7539,2011,Neil Walker,25,662,106
2434,2010,Nelson Cruz,29,445,147
2434,2013,Nelson Cruz,32,456,122
2434,2022,Nelson Cruz,41,507,87
2434,2011,Nelson Cruz,30,513,116
2434,2019,Nelson Cruz,38,521,164
2434,2021,Nelson Cruz,40,584,123
2434,2018,Nelson Cruz,37,591,133
2434,2012,Nelson Cruz,31,642,106
2434,2017,Nelson Cruz,36,645,146
2434,2015,Nelson Cruz,34,655,158
2434,2016,Nelson Cruz,35,667,148
2434,2014,Nelson Cruz,33,678,137
12147,2016,Nick Ahmed,26,308,42
12147,2015,Nick Ahmed,25,459,66
12147,2021,Nick Ahmed,31,473,66
12147,2018,Nick Ahmed,28,564,85
12147,2019,Nick Ahmed,29,625,91
22277,2022,Nick Allen,23,326,59
22277,2023,Nick Allen,24,329,54
11737,2016,Nick Castellanos,24,447,119
11737,2022,Nick Castellanos,30,558,95
11737,2014,Nick Castellanos,22,579,95
11737,2021,Nick Castellanos,29,585,140
11737,2015,Nick Castellanos,23,595,94
11737,2019,Nick Castellanos,27,664,122
11737,2017,Nick Castellanos,25,665,111
11737,2023,Nick Castellanos,31,671,109
11737,2018,Nick Castellanos,26,678,129
21538,2023,Nick Fortes,26,323,51
10166,2013,Nick Franklin,22,412,93
16337,2022,Nick Gordon,26,443,110
3376,2017,Nick Hundley,33,303,78
3376,2018,Nick Hundley,34,305,91
3376,2010,Nick Hundley,26,307,101
3376,2011,Nick Hundley,27,308,132
3376,2016,Nick Hundley,32,317,84
3376,2015,Nick Hundley,31,389,105
3376,2013,Nick Hundley,29,408,89
5930,2019,Nick Markakis,35,469,101
5930,2012,Nick Markakis,28,471,126
5930,2017,Nick Markakis,33,670,93
5930,2016,Nick Markakis,32,684,98
5930,2015,Nick Markakis,31,686,106
5930,2013,Nick Markakis,29,700,87
5930,2018,Nick Markakis,34,705,114
5930,2010,Nick Markakis,26,709,116
5930,2014,Nick Markakis,30,710,106
5930,2011,Nick Markakis,27,716,105
22117,2023,Nick Pratto,24,345,79
1429,2013,Nick Punto,35,335,90
19293,2023,Nick Senzel,28,330,82
19293,2019,Nick Senzel,24,414,87
19293,2022,Nick Senzel,27,420,67
19294,2021,Nick Solak,26,511,88
4599,2014,Nick Swisher,33,401,71
4599,2012,Nick Swisher,31,624,128
4599,2013,Nick Swisher,32,634,113
4599,2010,Nick Swisher,29,635,134
4599,2011,Nick Swisher,30,635,124
14330,2017,Nick Williams,23,343,110
14330,2018,Nick Williams,24,448,102
13157,2018,Nicky Delmonico,25,318,84
19339,2019,Nicky Lopez,24,402,56
19339,2022,Nicky Lopez,27,480,55
19339,2021,Nicky Lopez,26,565,104
21479,2022,Nico Hoerner,25,517,108
21479,2023,Nico Hoerner,26,688,104
12092,2021,Niko Goodrum,29,325,79
12092,2019,Niko Goodrum,27,472,95
12092,2018,Niko Goodrum,26,492,101
9777,2014,Nolan Arenado,23,467,113
9777,2013,Nolan Arenado,22,514,77
9777,2023,Nolan Arenado,32,612,106
9777,2022,Nolan Arenado,31,620,149
9777,2021,Nolan Arenado,30,653,112
9777,2019,Nolan Arenado,28,662,130
9777,2015,Nolan Arenado,24,665,121
9777,2018,Nolan Arenado,27,673,133
9777,2017,Nolan Arenado,26,680,130
9777,2016,Nolan Arenado,25,696,126
22263,2022,Nolan Gorman,22,313,105
22263,2023,Nolan Gorman,23,464,118
20529,2023,Nolan Jones,25,424,137
3441,2011,Nolan Reimold,27,305,110
14553,2019,Nomar Mazara,24,469,94
14553,2018,Nomar Mazara,23,536,95
14553,2016,Nomar Mazara,21,568,91
14553,2017,Nomar Mazara,22,616,87
13075,2017,Nori Aoki,35,374,97
13075,2015,Nori Aoki,33,392,109
13075,2016,Nori Aoki,34,467,107
13075,2014,Nori Aoki,32,549,102
13075,2012,Nori Aoki,30,588,112
13075,2013,Nori Aoki,31,674,102
4885,2012,Nyjer Morgan,31,322,66
4885,2011,Nyjer Morgan,30,429,115
4885,2010,Nyjer Morgan,29,577,74
11476,2021,Odubel Herrera,29,492,93
11476,2015,Odubel Herrera,23,537,111
11476,2017,Odubel Herrera,25,563,100
11476,2018,Odubel Herrera,26,597,96
11476,2016,Odubel Herrera,24,656,110
1609,2015,Omar Infante,33,455,43
1609,2013,Omar Infante,31,476,118
1609,2010,Omar Infante,28,506,111
1609,2014,Omar Infante,32,575,74
1609,2012,Omar Infante,30,588,93
1609,2011,Omar Infante,29,640,89
13338,2018,Omar Narvaez,26,322,122
13338,2021,Omar Narvaez,29,445,100
13338,2019,Omar Narvaez,27,482,120
6335,2013,Omar Quintanilla,31,359,66
411,2010,Omar Vizquel,43,391,83
21711,2022,Oneil Cruz,23,361,104
13185,2018,Orlando Arcia,23,366,55
13185,2023,Orlando Arcia,28,533,100
13185,2019,Orlando Arcia,24,546,61
13185,2017,Orlando Arcia,22,548,86
766,2011,Orlando Cabrera,36,477,59
766,2010,Orlando Cabrera,35,537,75
1307,2011,Orlando Hudson,33,454,95
1307,2010,Orlando Hudson,32,559,96
20970,2022,Oscar Gonzalez,24,382,123
16375,2019,Oscar Mercado,24,482,98
10306,2013,Oswaldo Arcia,22,378,101
10306,2014,Oswaldo Arcia,23,410,108
21707,2023,Oswaldo Cabrera,24,330,58
24655,2023,Owen Miller,26,314,81
24655,2022,Owen Miller,25,472,86
16556,2023,Ozzie Albies,26,660,125
16556,2018,Ozzie Albies,21,684,100
16556,2021,Ozzie Albies,24,686,108
16556,2019,Ozzie Albies,22,702,116
5409,2012,Pablo Sandoval,25,442,118
5409,2011,Pablo Sandoval,24,466,149
5409,2015,Pablo Sandoval,28,505,76
5409,2013,Pablo Sandoval,26,584,117
5409,2010,Pablo Sandoval,23,616,96
5409,2014,Pablo Sandoval,27,638,110
949,2010,Pat Burrell,33,437,123
27478,2023,Patrick Bailey,24,353,76
13602,2023,Patrick Wisdom,31,302,111
13602,2021,Patrick Wisdom,29,375,117
13602,2022,Patrick Wisdom,30,534,106
18015,2023,Paul DeJong,29,400,65
18015,2021,Paul DeJong,27,402,84
18015,2017,Paul DeJong,23,443,123
18015,2018,Paul DeJong,24,490,103
18015,2019,Paul DeJong,25,664,101
9218,2014,Paul Goldschmidt,26,479,154
9218,2012,Paul Goldschmidt,24,587,124
9218,2022,Paul Goldschmidt,34,651,175
9218,2017,Paul Goldschmidt,29,665,142
9218,2021,Paul Goldschmidt,33,679,136
9218,2019,Paul Goldschmidt,31,682,117
9218,2023,Paul Goldschmidt,35,687,122
9218,2018,Paul Goldschmidt,30,690,145
9218,2015,Paul Goldschmidt,27,695,163
9218,2016,Paul Goldschmidt,28,705,133
9218,2013,Paul Goldschmidt,25,710,156
7412,2011,Paul Janish,28,366,40
242,2013,Paul Konerko,37,520,84
242,2012,Paul Konerko,36,598,132
242,2010,Paul Konerko,34,631,158
242,2011,Paul Konerko,35,639,139
8628,2016,Paulo Orlando,30,484,96
19892,2021,Pavin Smith,25,545,98
2495,2016,Pedro Alvarez,29,376,119
2495,2010,Pedro Alvarez,23,386,114
2495,2014,Pedro Alvarez,27,445,103
2495,2015,Pedro Alvarez,28,491,112
2495,2012,Pedro Alvarez,25,586,112
2495,2013,Pedro Alvarez,26,614,112
1112,2010,Pedro Feliz,35,429,40
8385,2013,Pedro Florimon,26,446,67
14523,2019,Pedro Severino,25,341,94
14523,2021,Pedro Severino,27,419,87
19251,2021,Pete Alonso,26,637,131
19251,2023,Pete Alonso,28,658,121
19251,2022,Pete Alonso,27,685,141
19251,2019,Pete Alonso,24,693,144
2539,2013,Pete Kozma,25,448,49
2578,2016,Peter Bourjos,29,383,78
2578,2011,Peter Bourjos,24,552,114
10953,2021,Phil Gosselin,32,373,85
1176,2012,Placido Polanco,36,328,72
1176,2013,Placido Polanco,37,416,75
1176,2011,Placido Polanco,35,523,88
1176,2010,Placido Polanco,34,602,96
13633,2015,Preston Tucker,24,323,104
4613,2016,Prince Fielder,32,370,62
4613,2012,Prince Fielder,28,690,153
4613,2011,Prince Fielder,27,692,160
4613,2015,Prince Fielder,31,693,125
4613,2013,Prince Fielder,29,712,126
4613,2010,Prince Fielder,26,714,136
9414,2012,Quintin Berry,27,330,89
17350,2018,Rafael Devers,21,490,90
17350,2022,Rafael Devers,25,614,140
17350,2023,Rafael Devers,26,656,124
17350,2021,Rafael Devers,24,664,133
17350,2019,Rafael Devers,22,702,132
88,2011,Rafael Furcal,33,369,83
88,2010,Rafael Furcal,32,428,126
88,2012,Rafael Furcal,34,531,86
10323,2021,Rafael Ortega,30,330,122
10323,2022,Rafael Ortega,31,371,98
14350,2022,Raimel Tapia,28,433,91
14350,2019,Raimel Tapia,25,447,74
14350,2021,Raimel Tapia,27,533,75
3708,2011,Rajai Davis,30,338,66
3708,2013,Rajai Davis,32,360,88
3708,2017,Rajai Davis,36,366,73
3708,2015,Rajai Davis,34,370,100
3708,2012,Rajai Davis,31,487,84
3708,2014,Rajai Davis,33,494,103
3708,2016,Rajai Davis,35,495,83
3708,2010,Rajai Davis,29,561,92
918,2011,Ramon Hernandez,35,328,112
918,2010,Ramon Hernandez,34,352,114
17128,2021,Ramon Laureano,26,378,112
17128,2022,Ramon Laureano,27,383,94
17128,2023,Ramon Laureano,28,404,90
17128,2019,Ramon Laureano,24,481,127
1417,2010,Ramon Santiago,30,367,84
18795,2023,Ramon Urias,29,396,99
18795,2022,Ramon Urias,28,445,106
10243,2015,Randal Grichuk,23,350,138
10243,2017,Randal Grichuk,25,442,95
10243,2018,Randal Grichuk,26,462,114
10243,2023,Randal Grichuk,31,471,101
10243,2016,Randal Grichuk,24,478,102
10243,2022,Randal Grichuk,30,538,89
10243,2021,Randal Grichuk,29,545,85
10243,2019,Randal Grichuk,27,628,90
19290,2021,Randy Arozarena,26,604,127
19290,2022,Randy Arozarena,27,645,124
19290,2023,Randy Arozarena,28,654,125
607,2012,Raul Ibanez,40,425,102
607,2013,Raul Ibanez,41,496,121
607,2011,Raul Ibanez,39,575,90
607,2010,Raul Ibanez,38,636,110
8380,2010,Reid Brignac,24,326,90
14503,2019,Renato Nunez,25,599,99
3648,2015,Rene Rivera,31,319,32
3648,2014,Rene Rivera,30,329,113
16472,2021,Rhys Hoskins,28,443,127
16472,2018,Rhys Hoskins,25,660,128
16472,2022,Rhys Hoskins,29,672,123
16472,2019,Rhys Hoskins,26,705,112
17736,2019,Richie Martin,24,309,50
1142,2011,Rick Ankiel,31,415,82
1849,2013,Rickie Weeks Jr.,30,399,84
1849,2011,Rickie Weeks Jr.,28,515,124
1849,2012,Rickie Weeks Jr.,29,677,97
1849,2010,Rickie Weeks Jr.,27,754,127
25976,2023,Riley Greene,22,416,121
25976,2022,Riley Greene,21,418,98
14103,2019,Rio Ruiz,25,413,79
5254,2016,Robbie Grossman,26,389,127
5254,2023,Robbie Grossman,33,420,104
5254,2014,Robbie Grossman,24,422,97
5254,2017,Robbie Grossman,27,456,104
5254,2018,Robbie Grossman,28,465,109
5254,2022,Robbie Grossman,32,477,82
5254,2019,Robbie Grossman,29,482,88
5254,2021,Robbie Grossman,31,671,114
4900,2012,Robert Andino,28,431,61
4900,2011,Robert Andino,27,511,84
2900,2019,Roberto Perez,30,449,102
3269,2018,Robinson Cano,35,348,135
3269,2019,Robinson Cano,36,423,94
3269,2017,Robinson Cano,34,648,112
3269,2014,Robinson Cano,31,665,137
3269,2015,Robinson Cano,32,674,116
3269,2013,Robinson Cano,30,681,143
3269,2011,Robinson Cano,28,681,133
3269,2010,Robinson Cano,27,696,143
3269,2012,Robinson Cano,29,697,149
3269,2016,Robinson Cano,33,715,139
3142,2017,Robinson Chirinos,33,309,122
3142,2014,Robinson Chirinos,30,338,93
3142,2018,Robinson Chirinos,34,426,102
3142,2019,Robinson Chirinos,35,437,112
45,2011,Rod Barajas,35,337,97
45,2010,Rod Barajas,34,339,93
45,2012,Rod Barajas,36,361,70
6421,2011,Roger Bernadina,27,337,83
6421,2010,Roger Bernadina,26,461,86
18401,2021,Ronald Acuna Jr.,23,360,157
18401,2018,Ronald Acuna Jr.,20,487,142
18401,2022,Ronald Acuna Jr.,24,533,115
18401,2019,Ronald Acuna Jr.,21,715,125
18401,2023,Ronald Acuna Jr.,25,735,171
14388,2018,Ronald Guzman,23,428,87
11400,2017,Ronald Torreyes,24,336,83
11400,2021,Ronald Torreyes,28,344,69
2179,2011,Ronny Cedeno,28,454,73
2179,2010,Ronny Cedeno,27,502,81
2129,2010,Ronny Paulino,29,344,76
11611,2018,Rosell Herrera,25,302,62
12282,2021,Rougned Odor,27,361,84
12282,2014,Rougned Odor,20,417,91
12282,2015,Rougned Odor,21,470,107
12282,2022,Rougned Odor,28,472,82
12282,2018,Rougned Odor,24,535,95
12282,2019,Rougned Odor,25,581,77
12282,2016,Rougned Odor,22,632,103
12282,2017,Rougned Odor,23,651,56
15679,2021,Rowdy Tellez,26,325,89
15679,2023,Rowdy Tellez,28,351,78
15679,2019,Rowdy Tellez,24,409,91
15679,2022,Rowdy Tellez,27,599,110
5519,2011,Ruben Tejada,21,376,99
5519,2015,Ruben Tejada,25,407,94
5519,2014,Ruben Tejada,24,419,88
5519,2012,Ruben Tejada,22,501,93
370,2010,Russell Branyan,34,428,122
4616,2018,Russell Martin,35,352,90
4616,2017,Russell Martin,34,365,101
4616,2010,Russell Martin,27,387,90
4616,2014,Russell Martin,31,460,140
4616,2011,Russell Martin,28,476,100
4616,2012,Russell Martin,29,485,95
4616,2013,Russell Martin,30,506,102
4616,2015,Russell Martin,32,507,115
4616,2016,Russell Martin,33,535,101
3410,2017,Ryan Braun,33,425,111
3410,2018,Ryan Braun,34,447,106
3410,2019,Ryan Braun,35,508,117
3410,2016,Ryan Braun,32,564,134
3410,2015,Ryan Braun,31,568,131
3410,2014,Ryan Braun,30,580,113
3410,2011,Ryan Braun,27,629,171
3410,2012,Ryan Braun,28,677,159
3410,2010,Ryan Braun,26,685,134
2113,2010,Ryan Doumit,29,456,102
2113,2012,Ryan Doumit,31,528,109
2113,2013,Ryan Doumit,32,538,94
7888,2015,Ryan Flaherty,28,301,72
7888,2014,Ryan Flaherty,27,312,79
9807,2015,Ryan Goins,27,428,85
9807,2017,Ryan Goins,29,459,70
4952,2011,Ryan Hanigan,30,304,100
4952,2012,Ryan Hanigan,31,371,88
2154,2013,Ryan Howard,33,317,111
2154,2016,Ryan Howard,36,362,83
2154,2015,Ryan Howard,35,503,93
2154,2010,Ryan Howard,30,620,127
2154,2011,Ryan Howard,31,644,124
2154,2014,Ryan Howard,34,648,94
24618,2023,Ryan Jeffers,26,335,137
1260,2014,Ryan Ludwick,35,400,90
1260,2012,Ryan Ludwick,33,472,134
1260,2010,Ryan Ludwick,31,553,106
1260,2011,Ryan Ludwick,32,558,92
15112,2019,Ryan McMahon,24,539,89
15112,2021,Ryan McMahon,26,596,93
15112,2022,Ryan McMahon,27,597,97
15112,2023,Ryan McMahon,28,627,90
18373,2023,Ryan Mountcastle,26,470,114
18373,2021,Ryan Mountcastle,24,586,111
18373,2022,Ryan Mountcastle,25,609,108
23312,2023,Ryan Noda,27,495,122
16442,2023,Ryan O'Hearn,29,368,118
16442,2019,Ryan O'Hearn,25,370,68
2218,2010,Ryan Raburn,29,410,120
2218,2011,Ryan Raburn,30,418,94
5653,2012,Ryan Roberts,31,489,78
5653,2011,Ryan Roberts,30,555,109
9953,2016,Ryan Schimpf,28,330,128
4521,2010,Ryan Spilborghs,30,388,105
6352,2010,Ryan Sweeney,25,331,100
3811,2012,Ryan Theriot,32,384,81
3811,2011,Ryan Theriot,31,483,87
3811,2010,Ryan Theriot,30,640,73
4220,2018,Ryan Zimmerman,33,323,118
4220,2015,Ryan Zimmerman,30,390,106
4220,2011,Ryan Zimmerman,26,440,119
4220,2016,Ryan Zimmerman,31,467,66
4220,2017,Ryan Zimmerman,32,576,137
4220,2010,Ryan Zimmerman,25,603,142
4220,2013,Ryan Zimmerman,28,633,124
4220,2012,Ryan Zimmerman,27,641,121
15447,2018,Ryon Healy,26,524,89
15447,2017,Ryon Healy,25,605,101
7304,2012,Salvador Perez,22,305,114
7304,2022,Salvador Perez,32,473,107
7304,2017,Salvador Perez,27,499,102
7304,2013,Salvador Perez,23,526,106
7304,2018,Salvador Perez,28,544,88
7304,2016,Salvador Perez,26,546,89
7304,2015,Salvador Perez,25,553,87
7304,2023,Salvador Perez,33,580,86
7304,2014,Salvador Perez,24,606,91
7304,2021,Salvador Perez,31,665,125
8254,2015,Sam Fuld,33,325,59
8254,2011,Sam Fuld,29,346,91
8254,2014,Sam Fuld,32,402,90
5273,2017,Sandy Leon,28,301,66
19997,2022,Santiago Espinal,27,491,100
10339,2015,Scooter Gennett,25,391,78
10339,2014,Scooter Gennett,24,474,104
10339,2017,Scooter Gennett,27,497,123
10339,2016,Scooter Gennett,26,542,92
10339,2018,Scooter Gennett,28,638,125
1926,2010,Scott Hairston,30,336,81
1926,2012,Scott Hairston,32,398,119
17975,2018,Scott Kingery,24,484,61
17975,2019,Scott Kingery,25,500,100
1095,2010,Scott Podsednik,34,595,99
970,2012,Scott Rolen,37,330,94
970,2010,Scott Rolen,35,537,126
12225,2018,Scott Schebler,27,430,108
12225,2017,Scott Schebler,26,531,98
2881,2011,Scott Sizemore,26,429,109
19352,2023,Sean Murphy,28,438,130
19352,2021,Sean Murphy,26,448,100
19352,2022,Sean Murphy,27,612,121
6589,2016,Sean Rodriguez,31,342,128
6589,2012,Sean Rodriguez,27,342,71
6589,2010,Sean Rodriguez,25,378,96
6589,2011,Sean Rodriguez,26,436,94
30116,2022,Seiya Suzuki,27,446,118
30116,2023,Seiya Suzuki,28,583,128
18171,2021,Seth Brown,28,307,104
18171,2023,Seth Brown,30,378,91
18171,2022,Seth Brown,29,555,115
7331,2017,Seth Smith,34,373,105
7331,2010,Seth Smith,27,398,95
7331,2013,Seth Smith,30,410,102
7331,2016,Seth Smith,33,438,111
7331,2012,Seth Smith,29,441,107
7331,2015,Seth Smith,32,452,113
7331,2014,Seth Smith,31,521,132
7331,2011,Seth Smith,28,533,110
1677,2013,Shane Victorino,32,532,119
1677,2011,Shane Victorino,30,586,132
1677,2010,Shane Victorino,29,648,102
1677,2012,Shane Victorino,31,666,94
25816,2023,Shea Langeliers,25,490,86
3174,2011,Shin-Soo Choo,28,358,106
3174,2014,Shin-Soo Choo,31,529,101
3174,2017,Shin-Soo Choo,34,636,102
3174,2010,Shin-Soo Choo,27,646,145
3174,2015,Shin-Soo Choo,32,653,128
3174,2019,Shin-Soo Choo,36,660,112
3174,2018,Shin-Soo Choo,35,665,117
3174,2012,Shin-Soo Choo,29,686,130
3174,2013,Shin-Soo Choo,30,712,150
19755,2018,Shohei Ohtani,23,367,149
19755,2019,Shohei Ohtani,24,425,120
19755,2023,Shohei Ohtani,28,599,179
19755,2021,Shohei Ohtani,26,639,150
19755,2022,Shohei Ohtani,27,666,142
3704,2012,Skip Schumaker,32,304,94
3704,2013,Skip Schumaker,33,356,93
3704,2011,Skip Schumaker,31,400,92
3704,2010,Skip Schumaker,30,529,85
26323,2023,Spencer Steer,25,665,117
27465,2022,Spencer Torkelson,22,404,76
27465,2023,Spencer Torkelson,23,684,108
4579,2021,Starlin Castro,31,346,91
4579,2017,Starlin Castro,27,473,111
4579,2010,Starlin Castro,20,506,99
4579,2014,Starlin Castro,24,569,117
4579,2015,Starlin Castro,25,578,79
4579,2016,Starlin Castro,26,610,93
4579,2018,Starlin Castro,28,647,101
4579,2019,Starlin Castro,29,676,91
4579,2012,Starlin Castro,22,691,100
4579,2013,Starlin Castro,23,705,74
4579,2011,Starlin Castro,21,715,109
9241,2017,Starling Marte,28,339,91
9241,2023,Starling Marte,34,341,75
9241,2022,Starling Marte,33,505,133
9241,2021,Starling Marte,32,526,132
9241,2016,Starling Marte,27,529,120
9241,2014,Starling Marte,25,545,132
9241,2013,Starling Marte,24,566,122
9241,2019,Starling Marte,30,586,118
9241,2018,Starling Marte,29,606,112
9241,2015,Starling Marte,26,633,115
4251,2014,Stephen Drew,31,300,45
4251,2012,Stephen Drew,29,327,80
4251,2011,Stephen Drew,28,354,92
4251,2015,Stephen Drew,32,428,76
4251,2013,Stephen Drew,30,501,108
4251,2010,Stephen Drew,27,633,113
13367,2019,Stephen Piscotty,28,393,93
13367,2017,Stephen Piscotty,26,401,93
13367,2018,Stephen Piscotty,27,605,126
13367,2016,Stephen Piscotty,25,649,116
5000,2017,Stephen Vogt,32,303,84
5000,2015,Stephen Vogt,30,511,114
5000,2016,Stephen Vogt,31,532,91
5422,2013,Steve Lombardozzi,24,307,66
5422,2012,Steve Lombardozzi,23,416,83
9957,2016,Steve Pearce,33,302,136
9957,2015,Steve Pearce,32,325,93
9957,2017,Steve Pearce,34,348,100
9957,2014,Steve Pearce,31,383,161
24610,2022,Steven Kwan,24,638,125
24610,2023,Steven Kwan,25,718,99
5667,2015,Steven Souza Jr.,26,426,102
5667,2016,Steven Souza Jr.,27,468,94
5667,2017,Steven Souza Jr.,28,617,121
16041,2019,Stevie Wilkerson,27,361,73
22458,2023,Taylor Walls,26,349,84
22458,2022,Taylor Walls,25,466,65
17548,2023,Taylor Ward,29,409,107
17548,2022,Taylor Ward,28,564,136
13066,2019,Teoscar Hernandez,26,464,103
13066,2018,Teoscar Hernandez,25,523,106
13066,2022,Teoscar Hernandez,29,535,130
13066,2021,Teoscar Hernandez,28,595,132
13066,2023,Teoscar Hernandez,30,678,106
16426,2023,Thairo Estrada,27,530,100
16426,2022,Thairo Estrada,26,541,106
15172,2022,Tim Anderson,29,351,110
15172,2016,Tim Anderson,23,431,98
15172,2019,Tim Anderson,26,518,128
15172,2023,Tim Anderson,30,524,60
15172,2021,Tim Anderson,28,551,118
15172,2018,Tim Anderson,25,606,85
15172,2017,Tim Anderson,24,606,79
7949,2019,Tim Beckham,29,328,99
7949,2018,Tim Beckham,28,402,80
7949,2017,Tim Beckham,27,575,109
19522,2023,TJ Friedl,27,556,115
785,2012,Todd Frazier,26,465,121
785,2018,Todd Frazier,32,472,92
785,2019,Todd Frazier,33,499,107
785,2017,Todd Frazier,31,576,109
785,2013,Todd Frazier,27,600,99
785,2014,Todd Frazier,28,660,122
785,2016,Todd Frazier,30,666,105
785,2015,Todd Frazier,29,678,116
432,2013,Todd Helton,39,442,86
432,2010,Todd Helton,36,473,88
432,2011,Todd Helton,37,491,120
13499,2021,Tom Murphy,30,325,87
13755,2022,Tomas Nido,28,313,72
19470,2019,Tommy Edman,24,349,124
19470,2023,Tommy Edman,28,528,92
19470,2022,Tommy Edman,27,630,106
19470,2021,Tommy Edman,26,691,89
10349,2016,Tommy Joseph,24,347,112
10349,2017,Tommy Joseph,25,533,84
12371,2019,Tommy La Stella,30,321,119
12371,2014,Tommy La Stella,25,360,84
2967,2023,Tommy Pham,35,481,109
2967,2017,Tommy Pham,29,530,149
2967,2021,Tommy Pham,33,561,103
2967,2018,Tommy Pham,30,570,130
2967,2022,Tommy Pham,34,622,90
2967,2019,Tommy Pham,31,654,123
6141,2010,Tony Gwynn,27,339,69
6141,2011,Tony Gwynn,28,340,85
14894,2021,Tony Kemp,29,397,128
14894,2023,Tony Kemp,31,419,76
14894,2022,Tony Kemp,30,558,90
11470,2019,Tony Wolters,27,411,63
731,2015,Torii Hunter,39,567,89
731,2012,Torii Hunter,36,584,131
731,2014,Torii Hunter,38,586,114
731,2010,Torii Hunter,34,646,126
731,2011,Torii Hunter,35,649,115
731,2013,Torii Hunter,37,652,118
7739,2017,Travis d'Arnaud,28,376,92
7739,2019,Travis d'Arnaud,30,391,100
7739,2014,Travis d'Arnaud,25,421,102
7739,2022,Travis d'Arnaud,33,426,121
1573,2011,Travis Hafner,34,368,126
1573,2010,Travis Hafner,33,462,126
13768,2016,Travis Jankowski,25,383,81
13768,2018,Travis Jankowski,27,387,91
11982,2016,Travis Shaw,26,530,88
11982,2018,Travis Shaw,28,587,119
11982,2017,Travis Shaw,27,606,120
2830,2010,Travis Snider,22,319,104
2830,2014,Travis Snider,26,359,122
16252,2016,Trea Turner,23,324,146
16252,2017,Trea Turner,24,447,104
16252,2019,Trea Turner,26,569,118
16252,2021,Trea Turner,28,646,143
16252,2023,Trea Turner,30,691,108
16252,2022,Trea Turner,29,708,128
16252,2018,Trea Turner,25,740,105
18564,2022,Trent Grisham,25,524,83
18564,2021,Trent Grisham,24,527,104
18564,2023,Trent Grisham,26,555,90
3402,2010,Trevor Crowe,26,479,76
21501,2021,Trevor Larnach,24,301,91
7462,2017,Trevor Plouffe,31,313,59
7462,2011,Trevor Plouffe,25,320,90
7462,2016,Trevor Plouffe,30,344,91
7462,2012,Trevor Plouffe,26,465,105
7462,2013,Trevor Plouffe,27,522,92
7462,2014,Trevor Plouffe,28,582,111
7462,2015,Trevor Plouffe,29,632,100
12564,2022,Trevor Story,29,396,100
12564,2016,Trevor Story,23,415,122
12564,2017,Trevor Story,24,555,82
12564,2021,Trevor Story,28,595,98
12564,2019,Trevor Story,26,656,122
12564,2018,Trevor Story,25,656,128
15149,2017,Trey Mancini,25,586,116
15149,2022,Trey Mancini,30,587,105
15149,2021,Trey Mancini,29,616,105
15149,2018,Trey Mancini,26,636,93
15149,2019,Trey Mancini,27,679,132
22514,2023,Triston Casas,23,502,130
15,2010,Troy Glaus,33,483,104
3531,2014,Troy Tulowitzki,29,375,170
3531,2013,Troy Tulowitzki,28,512,141
3531,2010,Troy Tulowitzki,25,529,140
3531,2015,Troy Tulowitzki,30,534,101
3531,2016,Troy Tulowitzki,31,544,104
3531,2011,Troy Tulowitzki,26,606,133
10200,2022,Tucker Barnhart,31,308,63
10200,2019,Tucker Barnhart,28,364,78
10200,2021,Tucker Barnhart,30,388,81
10200,2016,Tucker Barnhart,25,420,82
10200,2017,Tucker Barnhart,26,423,90
10200,2018,Tucker Barnhart,27,522,88
17982,2022,Ty France,27,613,127
17982,2021,Ty France,26,650,129
17982,2023,Ty France,28,665,105
1491,2012,Ty Wigginton,34,360,87
1491,2011,Ty Wigginton,33,446,85
1491,2010,Ty Wigginton,32,649,93
5310,2010,Tyler Colvin,24,395,113
5310,2012,Tyler Colvin,26,452,113
9134,2019,Tyler Flowers,33,310,87
9134,2016,Tyler Flowers,30,325,110
9134,2015,Tyler Flowers,29,361,81
9134,2017,Tyler Flowers,31,370,117
9134,2014,Tyler Flowers,28,442,96
4675,2012,Tyler Greene,28,330,80
13359,2022,Tyler Naquin,31,334,92
13359,2016,Tyler Naquin,25,365,133
13359,2021,Tyler Naquin,30,454,110
15711,2022,Tyler O'Neill,27,383,99
15711,2021,Tyler O'Neill,26,537,143
10807,2016,Tyler Saladino,26,319,96
17988,2021,Tyler Stephenson,24,402,111
17988,2023,Tyler Stephenson,26,517,84
13675,2022,Tyrone Taylor,28,405,102
1326,2013,Vernon Wells,34,458,71
1326,2011,Vernon Wells,32,529,80
1326,2010,Vernon Wells,31,646,126
14968,2022,Victor Caratini,28,314,84
14968,2021,Victor Caratini,27,356,74
393,2017,Victor Martinez,38,435,85
393,2015,Victor Martinez,36,485,77
393,2018,Victor Martinez,39,508,73
393,2010,Victor Martinez,31,538,122
393,2011,Victor Martinez,32,595,130
393,2016,Victor Martinez,37,610,120
393,2014,Victor Martinez,35,641,168
393,2013,Victor Martinez,34,668,113
15487,2022,Victor Reyes,27,336,84
18363,2021,Victor Robles,24,369,69
18363,2022,Victor Robles,25,407,65
18363,2019,Victor Robles,22,617,92
778,2011,Vladimir Guerrero,36,590,96
778,2010,Vladimir Guerrero,35,643,119
19611,2019,Vladimir Guerrero Jr.,20,514,106
19611,2023,Vladimir Guerrero Jr.,24,682,118
19611,2021,Vladimir Guerrero Jr.,22,698,166
19611,2022,Vladimir Guerrero Jr.,23,706,132
23667,2021,Wander Franco,20,308,126
23667,2022,Wander Franco,21,344,115
23667,2023,Wander Franco,22,491,127
3256,2017,Welington Castillo,30,365,112
3256,2015,Welington Castillo,28,378,98
3256,2014,Welington Castillo,27,417,93
3256,2013,Welington Castillo,26,428,109
3256,2016,Welington Castillo,29,457,91
11281,2016,Whit Merrifield,27,332,91
11281,2022,Whit Merrifield,33,550,87
11281,2023,Whit Merrifield,34,592,93
11281,2017,Whit Merrifield,28,630,105
11281,2018,Whit Merrifield,29,707,119
11281,2021,Whit Merrifield,32,720,89
11281,2019,Whit Merrifield,30,735,110
10047,2018,Wil Myers,27,343,107
10047,2014,Wil Myers,23,361,76
10047,2013,Wil Myers,22,373,129
10047,2019,Wil Myers,28,490,97
10047,2021,Wil Myers,30,500,111
10047,2017,Wil Myers,26,649,107
10047,2016,Wil Myers,25,676,114
8002,2014,Wilin Rosario,25,410,85
8002,2012,Wilin Rosario,23,426,107
8002,2013,Wilin Rosario,24,466,104
21853,2023,Will Benson,25,329,127
25660,2023,Will Brennan,25,455,80
7002,2013,Will Middlebrooks,24,374,82
19197,2021,Will Smith,26,501,130
19197,2023,Will Smith,28,554,118
19197,2022,Will Smith,27,578,127
211,2015,Will Venable,32,390,87
211,2011,Will Venable,28,411,99
211,2010,Will Venable,27,445,101
211,2014,Will Venable,31,448,77
211,2012,Will Venable,29,470,115
211,2013,Will Venable,30,515,122
17338,2022,Willi Castro,25,392,85
17338,2023,Willi Castro,26,409,108
17338,2021,Willi Castro,24,450,69
20503,2022,William Contreras,24,376,139
20503,2023,William Contreras,25,611,125
1066,2012,Willie Bloomquist,34,338,92
1066,2011,Willie Bloomquist,33,381,76
17838,2019,Willie Calhoun,24,337,110
11609,2019,Willson Contreras,27,409,126
11609,2017,Willson Contreras,25,428,122
11609,2021,Willson Contreras,29,483,111
11609,2022,Willson Contreras,30,487,134
11609,2023,Willson Contreras,31,495,127
11609,2018,Willson Contreras,26,544,101
15986,2018,Willy Adames,22,323,110
15986,2021,Willy Adames,25,555,120
15986,2019,Willy Adames,23,584,99
15986,2022,Willy Adames,26,617,109
15986,2023,Willy Adames,27,638,94
2192,2010,Willy Aybar,27,309,84
14320,2017,Wilmer Difo,25,365,75
14320,2018,Wilmer Difo,26,456,71
5827,2016,Wilmer Flores,24,335,114
5827,2017,Wilmer Flores,25,362,107
5827,2018,Wilmer Flores,26,429,102
5827,2021,Wilmer Flores,29,436,114
5827,2023,Wilmer Flores,31,454,134
5827,2015,Wilmer Flores,23,510,95
5827,2022,Wilmer Flores,30,602,103
1861,2010,Wilson Betemit,28,315,141
1861,2011,Wilson Betemit,29,359,111
1861,2012,Wilson Betemit,30,376,102
1433,2013,Wilson Ramos,25,303,113
1433,2014,Wilson Ramos,26,361,93
1433,2018,Wilson Ramos,30,416,132
1433,2011,Wilson Ramos,23,435,111
1433,2015,Wilson Ramos,27,504,62
1433,2016,Wilson Ramos,28,523,123
1433,2019,Wilson Ramos,31,524,106
1863,2011,Wilson Valdez,33,300,70
1863,2010,Wilson Valdez,32,363,75
12161,2018,Xander Bogaerts,25,580,133
12161,2014,Xander Bogaerts,21,594,81
12161,2021,Xander Bogaerts,28,603,129
12161,2022,Xander Bogaerts,29,631,133
12161,2017,Xander Bogaerts,24,635,95
12161,2015,Xander Bogaerts,22,654,111
12161,2023,Xander Bogaerts,30,665,119
12161,2019,Xander Bogaerts,26,698,141
12161,2016,Xander Bogaerts,23,719,114
1658,2010,Xavier Nady,31,347,76
19334,2022,Yadiel Hernandez,34,327,103
7007,2014,Yadier Molina,31,445,102
7007,2019,Yadier Molina,36,452,88
7007,2021,Yadier Molina,38,473,81
7007,2018,Yadier Molina,35,503,105
7007,2011,Yadier Molina,28,518,126
7007,2010,Yadier Molina,27,521,84
7007,2015,Yadier Molina,32,530,81
7007,2013,Yadier Molina,30,541,133
7007,2017,Yadier Molina,34,543,95
7007,2012,Yadier Molina,29,563,138
7007,2016,Yadier Molina,33,581,114
23003,2023,Yainer Diaz,24,377,127
16313,2018,Yairo Munoz,23,329,107
9627,2013,Yan Gomes,25,322,128
9627,2019,Yan Gomes,31,358,80
9627,2021,Yan Gomes,33,375,94
9627,2017,Yan Gomes,29,383,85
9627,2015,Yan Gomes,27,389,74
9627,2023,Yan Gomes,35,419,97
9627,2018,Yan Gomes,30,435,102
9627,2014,Yan Gomes,26,518,117
16578,2019,Yandy Diaz,27,347,118
16578,2021,Yandy Diaz,29,541,110
16578,2022,Yandy Diaz,30,558,145
16578,2023,Yandy Diaz,31,600,163
5352,2016,Yangervis Solarte,28,443,117
5352,2018,Yangervis Solarte,30,506,76
5352,2017,Yangervis Solarte,29,512,91
5352,2014,Yangervis Solarte,26,535,103
5352,2015,Yangervis Solarte,27,571,109
14225,2015,Yasiel Puig,24,311,111
14225,2016,Yasiel Puig,25,368,101
14225,2013,Yasiel Puig,22,432,160
14225,2018,Yasiel Puig,27,444,123
14225,2017,Yasiel Puig,26,570,117
14225,2019,Yasiel Puig,28,611,100
14225,2014,Yasiel Puig,23,640,148
11368,2021,Yasmani Grandal,32,375,157
11368,2022,Yasmani Grandal,33,376,68
11368,2023,Yasmani Grandal,34,405,80
11368,2015,Yasmani Grandal,26,426,116
11368,2014,Yasmani Grandal,25,443,110
11368,2016,Yasmani Grandal,27,457,121
11368,2017,Yasmani Grandal,28,482,102
11368,2018,Yasmani Grandal,29,518,125
11368,2019,Yasmani Grandal,30,632,121
17171,2015,Yasmany Tomas,24,426,87
17171,2016,Yasmany Tomas,25,563,109
17232,2023,Yoan Moncada,28,357,98
17232,2022,Yoan Moncada,27,433,76
17232,2019,Yoan Moncada,24,559,139
17232,2021,Yoan Moncada,26,616,120
17232,2018,Yoan Moncada,23,650,97
13110,2017,Yoenis Cespedes,31,321,132
13110,2012,Yoenis Cespedes,26,540,136
13110,2016,Yoenis Cespedes,30,543,136
13110,2013,Yoenis Cespedes,27,574,102
13110,2014,Yoenis Cespedes,28,645,110
13110,2015,Yoenis Cespedes,29,676,135
11602,2015,Yolmer Sanchez,23,420,63
11602,2017,Yolmer Sanchez,25,534,95
11602,2019,Yolmer Sanchez,27,555,73
11602,2018,Yolmer Sanchez,26,662,87
15794,2021,Yonathan Daza,27,331,74
15794,2022,Yonathan Daza,28,408,95
2530,2019,Yonder Alonso,32,335,66
2530,2013,Yonder Alonso,26,375,100
2530,2015,Yonder Alonso,28,402,110
2530,2017,Yonder Alonso,30,521,133
2530,2016,Yonder Alonso,29,532,87
2530,2018,Yonder Alonso,31,574,98
2530,2012,Yonder Alonso,25,619,108
19556,2019,Yordan Alvarez,22,369,177
19556,2023,Yordan Alvarez,26,496,170
19556,2022,Yordan Alvarez,25,561,185
19556,2021,Yordan Alvarez,24,598,137
1135,2010,Yorvit Torrealba,31,363,105
1135,2011,Yorvit Torrealba,32,419,86
19198,2023,Yuli Gurriel,39,329,75
19198,2017,Yuli Gurriel,33,564,118
19198,2018,Yuli Gurriel,34,573,107
19198,2022,Yuli Gurriel,38,584,85
19198,2021,Yuli Gurriel,37,605,133
19198,2019,Yuli Gurriel,35,612,131
4191,2017,Yunel Escobar,34,381,99
4191,2014,Yunel Escobar,31,529,93
4191,2010,Yunel Escobar,27,567,83
4191,2016,Yunel Escobar,33,567,107
4191,2013,Yunel Escobar,30,578,98
4191,2011,Yunel Escobar,28,590,116
4191,2015,Yunel Escobar,32,591,120
4191,2012,Yunel Escobar,29,608,73
8585,2013,Yuniesky Betancourt,31,409,54
8585,2011,Yuniesky Betancourt,29,584,72
8585,2010,Yuniesky Betancourt,28,588,84
19392,2023,Zach McKinstry,28,518,82
31347,2023,Zach Neto,22,329,88
2616,2017,Zack Cozart,31,507,139
2616,2016,Zack Cozart,30,508,90
2616,2014,Zack Cozart,28,543,56
2616,2012,Zack Cozart,26,600,83
2616,2013,Zack Cozart,27,618,78
29766,2023,Zack Gelof,23,300,132