Name,PlayerId,category
A.J. Ellis,5677,2
A.J. Pierzynski,746,1
A.J. Pollock,9256,2
Aaron Altherr,11270,3
Aaron Hicks,5297,2
Aaron Hill,6104,1
Aaron Judge,15640,3
Aaron Miles,1844,1
Aaron Rowand,254,1
Abraham Toro,19844,1
Adalberto Mondesi,13769,1
Adam Dunn,319,2
Adam Duvall,10950,2
Adam Eaton,11205,3
Adam Engel,15082,1
Adam Frazier,15223,2
Adam Jones,6368,2
Adam Kennedy,19,1
Adam LaRoche,1904,2
Adam Lind,8027,2
Adam Rosales,9682,1
Addison Russell,14106,1
Adeiny Hechavarria,10459,1
Adolis Garcia,19287,2
Adonis Garcia,13777,1
Adrian Beltre,639,3
Adrian Gonzalez,1908,3
Albert Almora Jr.,14109,1
Albert Pujols,1177,3
Alberto Callaspo,3336,1
Alcides Escobar,6310,1
Alec Bohm,21618,2
Aledmys Diaz,15937,2
Alejandro De Aza,3371,2
Alen Hanson,12926,1
Alex Avila,7476,2
Alex Bregman,17678,3
Alex Dickerson,12649,2
Alex Gonzalez,520,1
Alex Gordon,5209,2
Alex Presley,5305,1
Alex Rios,2090,2
Alex Rodriguez,1274,3
Alex Verdugo,17027,2
Alexei Ramirez,5133,1
Alexi Amarista,9063,1
Alexi Casilla,5248,1
Alfonso Soriano,847,2
Allen Craig,3433,2
Amed Rosario,15518,2
Andre Ethier,6265,3
Andrelton Simmons,10847,1
Andres Torres,1488,2
Andrew Benintendi,17901,2
Andrew McCutchen,9847,3
Andrew Romine,1159,1
Andrew Vaughn,26197,2
Andrew Velazquez,14196,1
Andruw Jones,96,3
Andy Dirks,6453,2
Angel Pagan,2918,2
Angel Sanchez,3492,1
Anthony Gose,5097,1
Anthony Rendon,12861,3
Anthony Rizzo,3473,3
Anthony Santander,14551,2
Aramis Ramirez,1002,3
Arismendy Alcantara,10711,1
Asdrubal Cabrera,4962,2
Aubrey Huff,1213,3
Austin Hays,19363,2
Austin Hedges,12976,1
Austin Jackson,9848,2
Austin Kearns,332,2
Austin Meadows,15672,3
Austin Nola,15941,1
Austin Riley,18360,3
Austin Slater,16153,2
Avisail Garcia,5760,2
Ben Gamel,12160,2
Ben Paulsen,9741,2
Ben Revere,4712,1
Ben Zobrist,7435,3
Bengie Molina,24,1
Bill Hall,1605,2
Billy Burns,12701,1
Billy Butler,7399,3
Billy Hamilton,10199,1
Billy McKinney,15654,1
Blake DeWitt,7485,1
Blake Swihart,13176,1
Bo Bichette,19612,3
Bobby Abreu,945,2
Bobby Dalbec,19966,1
Brad Hawpe,1885,1
Brad Miller,12775,2
Bradley Zimmer,16221,1
Brandon Barnes,629,1
Brandon Belt,10264,3
Brandon Crawford,5343,2
Brandon Dixon,15214,1
Brandon Drury,11615,2
Brandon Guyer,2636,3
Brandon Inge,470,1
Brandon Lowe,18882,3
Brandon Moss,4467,2
Brandon Nimmo,12927,3
Brandon Phillips,791,2
Brayan Pena,3231,1
Brendan Rodgers,17907,2
Brendan Ryan,6073,1
Brennan Boesch,914,2
Brent Morel,6402,1
Brett Gardner,9927,2
Brett Lawrie,5247,2
Brett Wallace,8434,2
Brian Anderson,18289,2
Brian Bogusevic,4719,1
Brian Dozier,9810,2
Brian Goodwin,12858,2
Brian McCann,4810,2
Brian Roberts,166,1
Brock Holt,9345,2
Bryan LaHair,5462,2
Bryan Reynolds,19326,3
Bryce Harper,11579,3
Buster Posey,9166,3
Byron Buxton,14161,2
C.J. Cron,12546,2
Caleb Joseph,7087,1
Cameron Maybin,5223,1
Cameron Rupp,11146,1
Carl Crawford,1201,2
Carlos Asuaje,15197,1
Carlos Beltran,589,3
Carlos Correa,14162,3
Carlos Gomez,4881,2
Carlos Gonzalez,7287,3
Carlos Lee,243,2
Carlos Pena,934,2
Carlos Quentin,6274,3
Carlos Ruiz,2579,2
Carlos Santana,2396,3
Carson Kelly,13620,1
Casey Blake,719,2
Casey Kotchman,1930,1
Casey McGehee,6086,1
Casper Wells,9700,2
Cavan Biggio,19252,2
Cedric Mullins,17929,3
Cesar Hernandez,10556,2
Cesar Izturis,656,1
Chad Pinder,15191,2
Charlie Blackmon,7859,2
Charlie Culberson,3298,2
Chas McCormick,19599,3
Chase Headley,4720,2
Chase Utley,1679,2
Cheslor Cuthbert,10473,1
Chipper Jones,97,3
Chone Figgins,1580,1
Chris Carter,9911,2
Chris Coghlan,6878,2
Chris Colabello,13051,3
Chris Davis,9272,2
Chris Denorfia,4400,2
Chris Getz,3388,1
Chris Heisey,3978,2
Chris Iannetta,8267,2
Chris Johnson,1191,2
Chris Nelson,8175,2
Chris Owings,10030,1
Chris Parmelee,2554,1
Chris Snyder,4606,1
Chris Stewart,3878,1
Chris Taylor,13757,2
Chris Young,3882,2
Christian Arroyo,16434,2
Christian Vazquez,9774,1
Christian Villanueva,11738,2
Christian Walker,13419,2
Christian Yelich,11477,3
Christin Stewart,17714,1
Clete Thomas,3373,1
Cliff Pennington,3395,1
Clint Barmes,1830,1
Clint Robinson,6908,2
Coco Crisp,1572,2
Cody Asche,11997,1
Cody Bellinger,15998,3
Cody Ross,1760,2
Colby Rasmus,9893,2
Colin Moran,16909,2
Conor Gillaspie,9009,2
Conor Jackson,5997,1
Corey Dickerson,10762,2
Corey Hart,1945,3
Corey Patterson,300,1
Corey Seager,13624,3
Cory Spangenberg,12294,1
Cristian Guzman,728,1
Curtis Granderson,4747,3
D.J. Stewart,17766,1
DJ LeMahieu,9874,2
Dae-Ho Lee,18722,2
Dan Uggla,3442,2
Daniel Descalso,8392,1
Daniel Murphy,4316,3
Daniel Nava,5450,2
Daniel Palka,14897,2
Daniel Robertson,14145,3
Daniel Vogelbach,14130,3
Danny Espinosa,9219,1
Danny Santana,10322,3
Danny Valencia,6364,2
Dansby Swanson,18314,1
Daric Barton,5928,3
Darin Ruf,9929,2
Darnell McDonald,1867,2
Darwin Barney,2430,1
Daulton Varsho,19918,2
David Bote,14593,1
David Dahl,13744,2
David DeJesus,1825,2
David Eckstein,10,1
David Fletcher,17992,1
David Freese,9549,2
David Lough,7215,2
David Murphy,6035,2
David Ortiz,745,3
David Peralta,2136,2
David Wright,3787,3
Dayan Viciedo,3917,2
Dee Strange-Gordon,8203,1
Delino DeShields,11379,1
Delmon Young,2140,2
Denard Span,8347,2
Derek Dietrich,10542,2
Derek Jeter,826,2
Derek Norris,6867,2
Derrek Lee,525,2
Desmond Jennings,1965,2
Devin Mesoraco,5666,2
Devon Travis,13862,1
Dexter Fowler,4062,2
Didi Gregorius,6012,2
Dioner Navarro,3179,1
Domingo Santana,10348,3
Domonic Brown,3154,2
Donovan Solano,8623,2
Drew Stubbs,9328,1
Dustin Ackley,10099,1
Dustin Pedroia,8370,3
Dwight Smith Jr.,13473,1
Dylan Carlson,20126,2
Dylan Moore,18042,1
Ed Lucas,7532,1
Eddie Rosario,12155,2
Edgar Renteria,1178,1
Eduardo Escobar,6153,2
Eduardo Nunez,6848,1
Edwin Encarnacion,2151,3
Ehire Adrianza,8418,1
Elias Diaz,11680,1
Elliot Johnson,4751,1
Eloy Jimenez,17484,3
Elvis Andrus,8709,1
Emilio Bonifacio,4054,1
Emmanuel Rivera,19890,2
Ender Inciarte,4922,1
Enrique Hernandez,10472,1
Eric Chavez,906,3
Eric Haase,14111,2
Eric Hinske,1305,2
Eric Hosmer,3516,2
Eric Sogard,7927,1
Eric Thames,3711,3
Eric Young Jr.,7158,1
Erick Aybar,4082,1
Eugenio Suarez,12552,2
Evan Gattis,11003,2
Evan Longoria,9368,3
Everth Cabrera,8155,1
Ezequiel Carrera,9048,2
Felipe Lopez,1311,1
Felix Pie,3751,1
Fernando Tatis Jr.,19709,3
Francisco Cervelli,5275,2
Francisco Lindor,12916,3
Franklin Gutierrez,3255,1
Franmil Reyes,14566,2
Fred Lewis,4693,2
Freddie Freeman,5361,3
Freddy Galvis,6609,1
Freddy Sanchez,1624,2
Gaby Sanchez,3361,2
Garrett Cooper,15279,2
Garrett Hampson,19262,1
Garrett Jones,2714,2
Gary Sanchez,11442,2
Gavin Lux,19955,2
George Springer,12856,3
Geovany Soto,3707,2
Gerardo Parra,8553,1
Giancarlo Stanton,4949,3
Gilberto Celestino,20233,1
Gio Urshela,10681,3
Gleyber Torres,16997,3
Gordon Beckham,9015,1
Gorkys Hernandez,4146,1
Grady Sizemore,2197,1
Greg Bird,14131,1
Greg Dobbs,2158,1
Greg Garcia,10951,2
Gregor Blanco,3123,2
Gregory Polanco,12907,2
Guillermo Heredia,18721,1
Hanley Ramirez,8001,3
Hanser Alberto,11902,2
Harold Castro,14691,1
Harold Ramirez,14387,2
Harrison Bader,18030,1
Hernan Perez,5751,1
Hideki Matsui,1659,2
Howie Kendrick,4229,2
Hunter Dozier,15117,1
Hunter Pence,8252,3
Hunter Renfroe,15464,2
Hyun Soo Kim,18718,3
Ian Desmond,6885,2
Ian Happ,17919,2
Ian Kinsler,6195,2
Ian Stewart,5950,1
Ichiro Suzuki,1101,1
Ike Davis,8433,2
Isiah Kiner-Falefa,16512,1
Ivan Rodriguez,1275,1
J.D. Davis,16219,3
J.D. Drew,1152,2
J.D. Martinez,6184,3
J.J. Hardy,3797,1
J.P. Arencibia,697,1
J.P. Crawford,15491,2
J.T. Realmuto,11739,2
JB Shuck,6677,2
JT Riddle,17642,1
JaCoby Jones,14818,1
Jace Peterson,12325,1
Jack Cust,1564,3
Jack Hannahan,3692,1
Jackie Bradley Jr.,12984,1
Jacob Stallings,13723,1
Jacoby Ellsbury,4727,2
Jake Bauers,15194,1
Jake Cave,14477,2
Jake Cronenworth,18036,2
Jake Lamb,13329,2
Jake Marisnick,11339,1
Jake Smolinski,5408,1
James Jones,9767,1
James Loney,4556,2
James McCann,12859,1
Jamey Carroll,1591,2
Jared Walsh,18607,2
Jarrod Dyson,4866,1
Jarrod Saltalamacchia,5557,2
Jason Bartlett,8219,1
Jason Bay,1717,2
Jason Castro,8722,2
Jason Donald,9331,1
Jason Heyward,4940,2
Jason Kendall,993,1
Jason Kipnis,9776,2
Jason Kubel,2161,2
Javier Baez,12979,2
Jay Bruce,9892,2
Jayson Nix,3790,1
Jayson Werth,1327,3
Jean Segura,5933,2
Jed Lowrie,4418,2
Jedd Gyorko,10816,2
Jeff Francoeur,4792,1
Jeff Keppinger,3856,2
Jeff McNeil,15362,3
Jeimer Candelario,13621,2
Jemile Weeks,2498,1
Jerry Hairston,144,1
Jesse Winker,13590,3
Jesus Aguilar,11342,2
Jesus Guzman,3118,2
Jesus Montero,5514,1
Jhonny Peralta,1738,2
Ji-Man Choi,5452,3
Jim Thome,409,3
Jimmy Paredes,5481,2
Jimmy Rollins,971,1
Joaquin Arias,3817,1
Joc Pederson,11899,3
Joe Mauer,1857,3
Joe Panik,11936,2
Joey Gallo,14128,2
Joey Votto,4314,3
Joey Wendle,13853,1
Johan Camargo,14950,3
John Buck,2041,1
John Hicks,12547,1
John Jaso,5887,3
John Mayberry,3390,1
Johnny Damon,185,2
Johnny Giavotella,6740,1
Jon Jay,5227,2
Jon Singleton,10441,1
Jonathan Herrera,4182,1
Jonathan India,21523,2
Jonathan Lucroy,7870,2
Jonathan Schoop,11265,1
Jonathan Villar,10071,2
Jonny Gomes,1845,2
Jordan Pacheco,2677,1
Jordan Schafer,9883,1
Jordy Mercer,6547,1
Jorge Alfaro,12180,1
Jorge Bonifacio,12174,2
Jorge Cantu,2521,1
Jorge Polanco,13152,2
Jorge Posada,841,2
Jorge Soler,14221,2
Jose Abreu,15676,3
Jose Altuve,5417,3
Jose Bautista,1887,3
Jose Guillen,57,2
Jose Iglesias,10231,1
Jose Lobaton,4243,2
Jose Lopez,3114,1
Jose Martinez,7996,3
Jose Miranda,20538,3
Jose Molina,25,1
Jose Peraza,13593,1
Jose Pirela,5485,2
Jose Ramirez,13510,3
Jose Reyes,1736,2
Jose Tabata,2411,2
Jose Trevino,16725,1
Josh Bell,13145,3
Josh Donaldson,5038,3
Josh Hamilton,1875,3
Josh Harrison,8202,2
Josh Phegley,9308,1
Josh Reddick,3892,2
Josh Rojas,19734,2
Josh Rutledge,11167,1
Josh Thole,9689,1
Josh VanMeter,15170,1
Josh Willingham,2103,3
Josh Wilson,2102,1
Juan Francisco,6978,2
Juan Lagares,5384,1
Juan Pierre,443,1
Juan Rivera,843,1
Juan Soto,20123,3
Juan Uribe,454,2
Julio Borbon,3209,1
Jung Ho Kang,17182,3
Junior Lake,4672,1
Jurickson Profar,10815,1
Justin Bour,9744,3
Justin Maxwell,6827,2
Justin Morneau,1737,3
Justin Ruggiano,7620,3
Justin Smoak,9054,2
Justin Turner,5235,3
Justin Upton,5222,3
Ke'Bryan Hayes,18577,1
Kelly Johnson,2234,2
Kendrys Morales,8610,2
Keon Broxton,9253,1
Keston Hiura,20003,3
Ketel Marte,13613,3
Kevin Kiermaier,11038,2
Kevin Kouzmanoff,5995,1
Kevin Newman,17696,1
Kevin Pillar,12434,1
Kevin Youkilis,1935,3
Khris Davis,9112,3
Kirk Nieuwenhuis,6400,1
Kole Calhoun,11200,2
Kolten Wong,12532,2
Kosuke Fukudome,3263,2
Kris Bryant,15429,3
Kurt Suzuki,8259,1
Kyle Blanks,49,1
Kyle Farmer,14813,1
Kyle Schwarber,16478,3
Kyle Seager,9785,2
Kyle Tucker,18345,3
Lance Berkman,548,3
Lastings Milledge,6441,2
Laynce Nix,1766,2
Leonys Martin,11846,1
Leury Garcia,5913,1
Lewis Brinson,14352,1
Logan Forsythe,7185,2
Logan Morrison,9205,2
Logan Schafer,7937,1
Lonnie Chisenhall,7571,2
Lorenzo Cain,9077,2
Lourdes Gurriel Jr.,19238,2
Lucas Duda,2502,3
Luis Arraez,18568,3
Luis Gonzalez,20332,2
Luis Guillorme,16451,2
Luis Rengifo,19858,2
Luis Torrens,15905,2
Luis Urias,16622,2
Luis Valbuena,4969,2
Luke Hughes,4898,1
Luke Scott,3469,3
Luke Voit,14811,2
Lyle Overbay,1617,1
Magglio Ordonez,248,2
Maicer Izturis,2437,1
Maikel Franco,12179,1
Mallex Smith,13608,2
Manny Machado,11493,3
Manny Pina,2829,1
Manny Ramirez,210,3
Manuel Margot,14712,1
Marcell Ozuna,10324,2
Marco Scutaro,1555,2
Marcus Semien,12533,2
Mark Canha,11445,3
Mark Ellis,1443,1
Mark Kotsay,1042,1
Mark Reynolds,7619,2
Mark Teixeira,1281,3
Mark Trumbo,6876,2
Marlon Byrd,950,2
Martin Maldonado,6887,1
Martin Prado,3312,2
Marwin Gonzalez,5497,2
Matt Adams,9393,2
Matt Carpenter,8090,3
Matt Chapman,16505,3
Matt Davidson,7226,2
Matt Dominguez,4903,1
Matt Duffy,13836,2
Matt Holliday,1873,3
Matt Joyce,3353,3
Matt Kemp,5631,3
Matt LaPorta,2280,1
Matt Olson,14344,3
Matt Wieters,4298,1
Max Kepler,12144,2
Max Muncy,13301,3
Max Stassi,10059,1
Melky Cabrera,4022,2
Melvin Mora,157,2
Melvin Upton Jr.,5015,1
Michael A. Taylor,11489,1
Michael Bourn,6387,1
Michael Brantley,4106,3
Michael Chavis,17321,1
Michael Conforto,16376,3
Michael Cuddyer,1534,2
Michael Morse,3035,3
Michael Saunders,9981,2
Michael Young,1286,2
Miguel Andujar,15878,3
Miguel Cabrera,1744,3
Miguel Montero,3364,2
Miguel Olivo,1638,1
Miguel Rojas,7802,1
Miguel Sano,12164,3
Miguel Tejada,941,1
Mike Aviles,5986,1
Mike Carp,7480,3
Mike Moustakas,4892,2
Mike Napoli,3057,3
Mike Trout,10155,3
Mike Yastrzemski,14854,2
Mike Zunino,13265,2
Mikie Mahtook,13130,2
Mitch Garver,15161,3
Mitch Haniger,14274,3
Mitch Maier,5588,1
Mitch Moreland,3086,2
Mookie Betts,13611,3
Myles Straw,17620,1
Nate McLouth,3190,2
Nate Schierholtz,6201,1
Nathaniel Lowe,19566,3
Neil Walker,7539,2
Nelson Cruz,2434,3
Nick Ahmed,12147,1
Nick Castellanos,11737,2
Nick Franklin,10166,1
Nick Gordon,16337,2
Nick Hundley,3376,2
Nick Markakis,5930,2
Nick Punto,1429,1
Nick Senzel,19293,1
Nick Solak,19294,1
Nick Swisher,4599,3
Nick Williams,14330,2
Nicky Delmonico,13157,1
Nicky Lopez,19339,1
Niko Goodrum,12092,1
Nolan Arenado,9777,3
Nolan Reimold,3441,2
Nomar Mazara,14553,1
Nori Aoki,13075,2
Nyjer Morgan,4885,1
Odubel Herrera,11476,2
Omar Infante,1609,1
Omar Narvaez,13338,2
Omar Quintanilla,6335,1
Omar Vizquel,411,1
Oneil Cruz,21711,2
Orlando Arcia,13185,1
Orlando Cabrera,766,1
Orlando Hudson,1307,2
Oscar Gonzalez,20970,3
Oscar Mercado,16375,2
Oswaldo Arcia,10306,2
Ozzie Albies,16556,2
Pablo Sandoval,5409,2
Pat Burrell,949,3
Patrick Wisdom,13602,2
Paul DeJong,18015,2
Paul Goldschmidt,9218,3
Paul Janish,7412,1
Paul Konerko,242,3
Paulo Orlando,8628,2
Pavin Smith,19892,2
Pedro Alvarez,2495,2
Pedro Feliz,1112,1
Pedro Florimon,8385,1
Pedro Severino,14523,1
Pete Alonso,19251,3
Pete Kozma,2539,1
Peter Bourjos,2578,2
Phil Gosselin,10953,1
Placido Polanco,1176,1
Preston Tucker,13633,2
Prince Fielder,4613,3
Quintin Berry,9414,1
Rafael Devers,17350,3
Rafael Furcal,88,2
Rafael Ortega,10323,2
Raimel Tapia,14350,1
Rajai Davis,3708,1
Ramon Hernandez,918,2
Ramon Laureano,17128,2
Ramon Santiago,1417,1
Randal Grichuk,10243,2
Randy Arozarena,19290,3
Raul Ibanez,607,2
Reid Brignac,8380,1
Renato Nunez,14503,2
Rene Rivera,3648,1
Rhys Hoskins,16472,3
Richie Martin,17736,1
Rick Ankiel,1142,1
Rickie Weeks Jr.,1849,2
Rio Ruiz,14103,1
Robbie Grossman,5254,2
Robert Andino,4900,1
Roberto Perez,2900,2
Robinson Cano,3269,3
Robinson Chirinos,3142,2
Rod Barajas,45,1
Roger Bernadina,6421,1
Ronald Acuna Jr.,18401,3
Ronald Guzman,14388,1
Ronald Torreyes,11400,1
Ronny Cedeno,2179,1
Ronny Paulino,2129,1
Rosell Herrera,11611,1
Rougned Odor,12282,1
Rowdy Tellez,15679,1
Ruben Tejada,5519,1
Russell Branyan,370,3
Russell Martin,4616,2
Ryan Braun,3410,3
Ryan Doumit,2113,2
Ryan Flaherty,7888,1
Ryan Goins,9807,1
Ryan Hanigan,4952,1
Ryan Howard,2154,2
Ryan Ludwick,1260,2
Ryan McMahon,15112,1
Ryan Mountcastle,18373,2
Ryan Raburn,2218,2
Ryan Roberts,5653,1
Ryan Schimpf,9953,3
Ryan Spilborghs,4521,2
Ryan Sweeney,6352,2
Ryan Theriot,3811,1
Ryan Zimmerman,4220,3
Ryon Healy,15447,2
Salvador Perez,7304,2
Sam Fuld,8254,1
Sandy Leon,5273,1
Santiago Espinal,19997,2
Scooter Gennett,10339,2
Scott Hairston,1926,2
Scott Kingery,17975,1
Scott Podsednik,1095,2
Scott Rolen,970,2
Scott Schebler,12225,2
Scott Sizemore,2881,2
Sean Murphy,19352,3
Sean Rodriguez,6589,2
Seth Brown,18171,2
Seth Smith,7331,2
Shane Victorino,1677,2
Shin-Soo Choo,3174,3
Shohei Ohtani,19755,3
Skip Schumaker,3704,1
Starlin Castro,4579,2
Starling Marte,9241,3
Stephen Drew,4251,1
Stephen Piscotty,13367,2
Stephen Vogt,5000,2
Steve Lombardozzi,5422,1
Steve Pearce,9957,3
Steven Souza Jr.,5667,2
Stevie Wilkerson,16041,1
Teoscar Hernandez,13066,3
Tim Anderson,15172,2
Tim Beckham,7949,2
Todd Frazier,785,2
Todd Helton,432,2
Tom Murphy,13499,1
Tomas Nido,13755,1
Tommy Edman,19470,2
Tommy Joseph,10349,2
Tommy La Stella,12371,2
Tommy Pham,2967,3
Tony Gwynn,6141,1
Tony Kemp,14894,2
Tony Wolters,11470,1
Torii Hunter,731,3
Travis Hafner,1573,3
Travis Jankowski,13768,1
Travis Shaw,11982,2
Travis Snider,2830,2
Travis d'Arnaud,7739,2
Trea Turner,16252,3
Trent Grisham,18564,1
Trevor Crowe,3402,1
Trevor Larnach,21501,1
Trevor Plouffe,7462,2
Trevor Story,12564,2
Trey Mancini,15149,2
Troy Glaus,15,2
Troy Tulowitzki,3531,3
Tucker Barnhart,10200,1
Ty France,17982,3
Ty Wigginton,1491,1
Tyler Colvin,5310,2
Tyler Flowers,9134,2
Tyler Greene,4675,1
Tyler Naquin,13359,2
Tyler O'Neill,15711,3
Tyler Saladino,10807,2
Tyrone Taylor,13675,2
Vernon Wells,1326,2
Victor Caratini,14968,1
Victor Martinez,393,2
Victor Reyes,15487,1
Victor Robles,18363,1
Vladimir Guerrero,778,2
Vladimir Guerrero Jr.,19611,3
Wander Franco,23667,3
Welington Castillo,3256,2
Whit Merrifield,11281,2
Wil Myers,10047,2
Wilin Rosario,8002,2
Will Middlebrooks,7002,1
Will Smith,19197,3
Will Venable,211,2
Willi Castro,17338,1
Willie Bloomquist,1066,1
Willie Calhoun,17838,2
Willson Contreras,11609,3
Willy Adames,15986,2
Willy Aybar,2192,1
Wilmer Difo,14320,1
Wilmer Flores,5827,2
Wilson Betemit,1861,3
Wilson Ramos,1433,2
Wilson Valdez,1863,1
Xander Bogaerts,12161,3
Xavier Nady,1658,1
Yadiel Hernandez,19334,2
Yadier Molina,7007,2
Yairo Munoz,16313,2
Yan Gomes,9627,2
Yandy Diaz,16578,3
Yangervis Solarte,5352,2
Yasiel Puig,14225,3
Yasmani Grandal,11368,2
Yasmany Tomas,17171,2
Yoan Moncada,17232,2
Yoenis Cespedes,13110,3
Yolmer Sanchez,11602,1
Yonathan Daza,15794,1
Yonder Alonso,2530,2
Yordan Alvarez,19556,3
Yorvit Torrealba,1135,1
Yuli Gurriel,19198,2
Yunel Escobar,4191,2
Yuniesky Betancourt,8585,1
Zack Cozart,2616,1
A.J. Jimenez,7077,0
A.J. Kennedy,sa876029,0
A.J. Kirby-Jones,sa548449,0
A.J. Murray,sa602899,0
A.J. Pettersen,sa546810,0
A.J. Simcox,sa658901,0
AJ Reed,16246,0
Aaron Baker,sa501612,0
Aaron Barbosa,sa621576,0
Aaron Bates,2777,0
Aaron Blanton,sa737862,0
Aaron Bray,sa502333,0
Aaron Brown,sa598306,0
Aaron Cunningham,4087,0
Aaron Dudley,sa549425,0
Aaron Luna,sa454788,0
Aaron Mizell,sa876079,0
Aaron Reza,sa389231,0
Aaron Schnurbusch,sa918721,0
Aaron Senne,sa327748,0
Aaron Seuss,sa389705,0
Aaron Shipman,sa548218,0
Aaron Siliga,sa549270,0
Aaron Westlake,sa549527,0
Abel Baker,sa599395,0
Abel Nieves,sa288782,0
Abner Abreu,sa455955,0
Abraham Almonte,5486,0
Adalberto Santos,sa389203,0
Adalfi Almonte,sa737033,0
Adam Abraham,sa454574,0
Adam Bailey,sa503294,0
Adam Brett Walker,sa621791,0
Adam Bryant,sa598264,0
Adam Buschini,sa501445,0
Adam Calderone,sa327816,0
Adam Coe,sa326848,0
Adam Davis,sa326690,0
Adam Donachie,sa202394,0
Adam Gaylord,sa547091,0
Adam Giacalone,sa658300,0
Adam Klein,sa388960,0
Adam Law,sa738573,0
Adam Melker,sa549302,0
Adam Milligan,sa328331,0
Adam Moore,9362,0
Adam Walton,sa875273,0
Adam Weisenburger,sa546626,0
Adam White,sa389176,0
Adderly Rosa,sa506119,0
Addison Maruszak,sa455124,0
Adenson Chourio,sa455751,0
Aderlin Rodriguez,sa511026,0
Aderling Mejia,sa550598,0
Adolfo Gonzalez,sa295197,0
Adolfo Reina,sa503320,0
Adonis Pacheco,sa548089,0
Adonis Paula,sa657298,0
Adrian Abreu,sa554214,0
Adrian Alfaro,sa735837,0
Adrian Cardenas,9514,0
Adrian Marin,sa657939,0
Adrian Martinez,sa502807,0
Adrian Nieto,10294,0
Adrian Ortiz,sa388849,0
Adrian Sanchez,11338,0
Adron Chambers,7995,0
Agustin Avila,sa3001792,0
Agustin Marte,sa916999,0
Agustin Septimo,sa244307,0
Alan Ahmady,sa501636,0
Alan Schoenberger,sa392380,0
Alan Sharkey,sa658249,0
Albert Baur,sa875894,0
Albert Cartwright,sa397967,0
Albert Cordero,sa504824,0
Albert Hernandez,sa506655,0
Albert Laboy,sa292362,0
Alberth Martinez,sa550588,0
Alberto Diaz,sa455608,0
Alberto Gonzalez,4906,0
Alberto Odreman,sa503313,0
Alberto Robles,sa547814,0
Alberto Rosario,7125,0
Alberto Triunfel,sa597103,0
Alberto Velasquez,sa655901,0
Aldemar Burgos,sa875196,0
Alec Keller,sa829219,0
Alec Mehrten,sa658614,0
Alec Sole,sa829320,0
Alejandro Flores,sa736822,0
Alejandro Juvier,sa829317,0
Alejandro Paulino,sa872866,0
Alejandro Segovia,sa504965,0
Alejandro Selen,sa456470,0
Alejandro Torres,sa503143,0
Alejandro Villalobos,sa554987,0
Alex Abbott,sa829021,0
Alex Allbritton,sa738710,0
Alex Blandino,16271,0
Alex Buchholz,sa454711,0
Alex Burg,sa502124,0
Alex Castellanos,7223,0
Alex Castillo,sa328910,0
Alex D. Mejia,13877,0
Alex De Leon,sa738282,0
Alex Garabedian,sa389261,0
Alex Glenn,sa503215,0
Alex Hassan,9959,0
Alex Kowalczyk,sa918272,0
Alex Lavisky,sa548434,0
Alex Liddi,5411,0
Alex Llanos,sa454706,0
Alex McClure,sa548555,0
Alex Mercedes,sa547992,0
Alex Monsalve,sa505988,0
Alex Murphy,sa737854,0
Alex Oliveras,sa389880,0
Alex Perez,sa858057,0
Alex Romero,3129,0
Alex Sanchez,sa506903,0
Alex Santana,sa597782,0
Alex Swim,sa621599,0
Alex Valdez,sa254456,0
Alex Yarbrough,sa621579,0
Alexander Nunez,sa503308,0
Alexander Perdomo,sa603436,0
Alexander Simon,sa596866,0
Alexander Zorrilla,sa507131,0
Alexis Aguilar,sa506938,0
Alexis Bastardo,sa737058,0
Alexis Espinoza,sa456016,0
Alexis Garcia,sa877124,0
Alexis Rivera,sa658144,0
Alexito Feliz,sa880045,0
Alexy Palma,sa546487,0
Alfredo Escalera,sa658111,0
Alfredo Gonzalez,14267,0
Alfredo Lopez,sa549427,0
Alfredo Marte,5212,0
Alfredo Morales,sa549628,0
Alfredo Patino,sa551259,0
Alfredo Reyes,sa597093,0
Alfredo Silverio,sa392355,0
Ali Castillo,sa507143,0
Ali Solis,8848,0
Alixon Suarez,sa597001,0
Allan Dykstra,9113,0
Allan Santos,sa872581,0
Allan de San Miguel,sa295122,0
Allen Staton,sa877550,0
Allen Valerio,sa657761,0
Allison Reyes,sa597119,0
Allixon Cequea,sa392826,0
Alonzo Harris,sa455964,0
Alvaro Ramirez,sa456468,0
Alvin Maracaro,sa598179,0
Alwin Delgado,sa547769,0
Alwin Perez,sa328850,0
Amalani Fukofuka,sa737816,0
Amaurys Minier,sa737540,0
Ameilis Carvajal,sa3001489,0
Anderson De La Rosa,sa254509,0
Anderson Feliz,sa505526,0
Anderson Hernandez,3366,0
Anderson Hidalgo,sa455756,0
Anderson Jesus,sa597108,0
Anderson Miller,sa857824,0
Andres Garcia,sa596996,0
Andres James,sa328845,0
Andres Martin,sa872737,0
Andres Martinez,sa657399,0
Andres Perez,sa381978,0
Andres Santoni,sa506275,0
Andrew Aplin,sa502787,0
Andrew Brown,3837,0
Andrew Cain,sa598759,0
Andrew Calica,sa658329,0
Andrew Clark,sa328044,0
Andrew Daniel,sa827358,0
Andrew Davis,sa389850,0
Andrew Ely,sa829591,0
Andrew Fie,sa327667,0
Andrew Guillotte,sa876089,0
Andrew Knapp,14942,0
Andrew Lambo,5386,0
Andrew Lefave,sa329493,0
Andrew Means,sa455165,0
Andrew Pullin,sa658016,0
Andrew Ray,sa597884,0
Andrew Sohn,sa829047,0
Andrew Stevenson,17932,0
Andrew Susac,13132,0
Andrew Toles,13414,0
Andrew Walker,sa389720,0
Andrew Young,19521,0
Andy Bouchie,sa326840,0
Andy Burns,12779,0
Andy D'Alessio,sa327106,0
Andy Fermin,sa549520,0
Andy Ibanez,18819,0
Andy Jenkins,sa294515,0
Andy Leer,sa549745,0
Andy Parrino,3972,0
Andy Pineda,sa828307,0
Andy Simunic,sa455409,0
Andy Vasquez,sa457107,0
Andy Wilkins,11251,0
Andy Workman,sa546865,0
Andys Silva,sa736692,0
Anel De Los Santos,sa328820,0
Aneudis Peralta,sa597000,0
Aneury Tavarez,sa598684,0
Angel Almao,sa657135,0
Angel Castillo,sa328819,0
Angel Franco,sa455631,0
Angel Jimenez,sa657515,0
Angel Manzanarez,sa872832,0
Angel Mercado,sa392154,0
Angel Molina,sa828969,0
Angel Morales,sa390382,0
Angel Moreno,sa738494,0
Angel Ortega,sa658030,0
Angel R. Gonzalez,sa294031,0
Angel Rojas,sa3005578,0
Angel Rosa,sa707769,0
Angel Salome,7536,0
Angel Villalona,sa392874,0
Angelberth Montilla,sa503843,0
Angelo Gumbs,sa548279,0
Angelo Songco,sa501270,0
Angelys Nina,sa455672,0
Anibal Sierra,sa908626,0
Anthony Aliotti,sa501732,0
Anthony Bemboom,13854,0
Anthony Caronia,sa658633,0
Anthony Chavez,sa548084,0
Anthony Concepcion,sa872502,0
Anthony Contreras,sa291727,0
Anthony Dimino,sa875888,0
Anthony Dirocie,sa827959,0
Anthony Dominguez,sa737025,0
Anthony Feliz,sa455717,0
Anthony Fonseca,sa504700,0
Anthony Gallas,sa549646,0
Anthony Giansanti,sa503822,0
Anthony Gomez,sa621610,0
Anthony Hatch,sa290365,0
Anthony Hermelyn,sa858027,0
Anthony Hewitt,sa454381,0
Anthony Jackson,sa327792,0
Anthony Martinez,sa327144,0
Anthony Miller,sa875767,0
Anthony Norman,sa392744,0
Anthony Pereira,sa826663,0
Anthony Phillips,sa392886,0
Anthony Ray,sa738665,0
Anthony Recker,4063,0
Anthony Rubicondo,sa737294,0
Anthony Scelfo,sa454967,0
Anthony Vega,sa658801,0
Anthony Villa,sa918406,0
Antoan Richardson,209,0
Antoni Lugo,sa507091,0
Antonio Arias,sa873482,0
Antonio DeJesus,sa390593,0
Antonio Jimenez,sa392412,0
Antonio Lamas,sa502224,0
Antonio Nunez,sa829188,0
Antonio Rodriguez,sa694155,0
Antonio Tovar,sa736891,0
Antony Brito,sa747591,0
Antony Fuentes,sa828599,0
Anyi Tejeda,sa503848,0
Aramis Garcia,16925,0
Arby Fields,sa502948,0
Archie Gilbert,sa295116,0
Argenis Aldazoro,sa546506,0
Argenis Diaz,6403,0
Argenis Martinez,sa502607,0
Argenis Raga,sa596833,0
Argenis Reyes,3285,0
Ariel Baez,sa506270,0
Ariel Ovando,sa599390,0
Ariel Serrano,sa735884,0
Ariel Soriano,sa506091,0
Aris Alcantara,sa506239,0
Aristides Aquino,15482,0
Arlon Quiroz,sa392378,0
Armando Araiza,sa547843,0
Arnaldo Berrios,sa829788,0
Art Charles,sa503326,0
Arturo Michelena,sa657523,0
Arturo Nieto,sa596241,0
Arturo Rodriguez,sa688986,0
Arvicent Perez,sa655950,0
Ashford Fulmer,sa875893,0
Ashley Graeter,sa660832,0
Ashley Ponce,sa504945,0
Astolfo Inciarte,sa502538,0
Audry Perez,9176,0
Audy Ciriaco,sa294300,0
Aury Diaz,sa503014,0
Austen Smith,sa550329,0
Austin Afenir,sa858021,0
Austin Allen,18083,0
Austin Athmann,sa918297,0
Austin Aune,sa657969,0
Austin Bailey,sa827134,0
Austin Barnes,12158,0
Austin Bossart,sa875667,0
Austin Byler,sa827162,0
Austin Cousino,sa828790,0
Austin Davidson,sa599216,0
Austin Dean,18288,0
Austin Elkins,sa621617,0
Austin Filiere,sa915780,0
Austin Gallagher,sa389210,0
Austin Krum,sa390262,0
Austin Listi,sa3004170,0
Austin McClune,sa326816,0
Austin Rei,sa659079,0
Austin Romine,5491,0
Austin Schotts,sa657968,0
Austin Upshaw,sa3004498,0
Austin Wates,sa526661,0
Austin Wilson,sa549103,0
Austin Wynns,15271,0
Austin Yount,sa455201,0
Auston Bousfield,sa827356,0
Avain Rachal,sa658535,0
Avery Barnes,sa501621,0
Avery Romero,sa657944,0
Axel Wel,sa506171,0
Ayendy Perez,sa657141,0
B.A. Vollmuth,sa526567,0
B.J. Guinn,sa390642,0
B.J. Lopez,sa694185,0
BJ Boyd,sa657987,0
Balbino Fuenmayor,sa356978,0
Barrett Barnes,sa577859,0
Barrett Kleinknecht,sa549102,0
Bealyn Chourio,sa596372,0
Beamer Weems,sa454985,0
Beau Amaral,sa503642,0
Beau Brooks,sa455344,0
Beau Mills,sa388399,0
Beau Seabury,sa389917,0
Beau Taylor,12384,0
Ben Carhart,sa549450,0
Ben Carlson,sa501533,0
Ben Copeland,sa294477,0
Ben Guez,sa454544,0
Ben Heath,sa548341,0
Ben Johnson,sa658980,0
Ben Lasater,sa389264,0
Ben McMahan,sa455566,0
Ben Orloff,sa455266,0
Ben Ruta,sa918694,0
Ben Thomas,sa598810,0
Ben Turner,sa658602,0
Ben Verlander,sa550288,0
Bengie Gonzalez,sa454764,0
Benji Johnson,sa390365,0
Bennett Pickar,sa501720,0
Bijan Rademacher,sa658233,0
Bill Pujols,sa657777,0
Bill Rhinehart,sa389695,0
Billy Fleming,sa836204,0
Billy Nowlin,sa455337,0
Billy Rowell,sa326471,0
Bladimil Franco,sa657265,0
Bladimir Franco,sa506902,0
Blaine Prescott,sa829215,0
Blaise Salter,sa602523,0
Blake Allemand,sa857217,0
Blake Barber,sa659318,0
Blake Brown,sa503700,0
Blake Butler,sa875641,0
Blake Davis,5812,0
Blake Dean,sa501651,0
Blake Drake,sa829329,0
Blake Forsythe,sa548202,0
Blake Kelso,sa526458,0
Blake Miller,sa738430,0
Blake Ochoa,sa295204,0
Blake Smith,9780,0
Blake Tekotte,8810,0
Blake Trahan,17588,0
Bo Bowman,sa390258,0
Bo Greenwell,sa390607,0
Bo Way,sa829126,0
Bobby Borchering,sa500727,0
Bobby Boyd,sa827122,0
Bobby Coyle Jr.,sa388372,0
Bobby Crocker,sa577746,0
Bobby Felmy,sa327718,0
Bobby Haney,sa549576,0
Bobby Ison,sa829295,0
Bobby Spain,sa388980,0
Bobby Stevens,sa455319,0
Bobby Stone,sa455040,0
Bobby Wernes,sa876020,0
Boo Vazquez,sa602531,0
Boog Powell,15103,0
Boomer Whiting,sa390301,0
Boss Moanaroa,sa503858,0
Brad Boyer,sa327733,0
Brad Chalk,sa388376,0
Brad Coon,sa291705,0
Brad Corley,sa294002,0
Brad Emaus,2020,0
Brad Glenn,7392,0
Brad Harman,5312,0
Brad Haynal,sa829192,0
Brad McElroy,sa454908,0
Braden Bishop,17806,0
Bradley Jones,sa918500,0
Bradley Keller,sa875660,0
Bradley Strong,sa827365,0
Bradley Suttle,sa389684,0
Brady Conlan,sa918530,0
Brady Shoemaker,sa502052,0
Braeden Schlehuber,sa454529,0
Brahiam Maldonado,sa254474,0
Bralin Jackson,sa658012,0
Branden Becker,sa875755,0
Branden Cogswell,sa827188,0
Branden Kaupe,sa657988,0
Brandon Allen,7436,0
Brandon Bayardi,sa579127,0
Brandon Bednar,sa737887,0
Brandon Boggs,8021,0
Brandon Brosher,sa738646,0
Brandon Brown,sa549524,0
Brandon Buckman,sa327787,0
Brandon Dailey,sa549949,0
Brandon Decker,sa549612,0
Brandon Diaz,sa737872,0
Brandon Douglas,sa455065,0
Brandon Downes,sa602678,0
Brandon Dulin,sa737912,0
Brandon Grudzielanek,sa3005058,0
Brandon Hicks,4003,0
Brandon Hughes,23460,0
Brandon Jacobs,sa501670,0
Brandon Jones,6987,0
Brandon Laird,5476,0
Brandon Lopez,sa658974,0
Brandon Loy,sa597885,0
Brandon Macias,sa545208,0
Brandon Martin,sa597756,0
Brandon Menchaca,sa389273,0
Brandon Meredith,sa455305,0
Brandon Miller,sa550323,0
Brandon Roberts,sa291146,0
Brandon Short,sa455526,0
Brandon Snyder,9856,0
Brandon Thomas,sa503208,0
Brandon Timm,sa253642,0
Brandon Trinkwon,sa709596,0
Brandon Tripp,sa327660,0
Brandon Van Horn,sa918436,0
Brandon Waring,sa389878,0
Brandon Wikoff,sa501476,0
Brandon Wood,6592,0
Brandon Yarbrough,sa244372,0
Brauly Mejia,sa658469,0
Brawlun Gomez,sa597092,0
Braxton Davidson,sa828679,0
Braxton Lee,16839,0
Brayan Emery,sa872564,0
Breiner Soto,sa504813,0
Breland Almadova,sa659072,0
Brendan Duffy,sa455044,0
Brendan Katin,sa290612,0
Brenden Webb,sa502672,0
Brendon Sanger,sa858055,0
Brennan Gowens,sa578134,0
Brennan Morgan,sa918543,0
Brent Brewer,sa326534,0
Brent Clevlen,4863,0
Brent Greer,sa501721,0
Brent Keys,sa501959,0
Brent Lillibridge,3501,0
Brent Wyatt,sa455039,0
Brett Austin,sa597795,0
Brett Bigler,sa326808,0
Brett Eibner,11369,0
Brett Hayes,4293,0
Brett Jackson,9632,0
Brett Krill,sa546843,0
Brett Newsome,sa455969,0
Brett Nicholas,11192,0
Brett Nommensen,sa501600,0
Brett Phillips,14735,0
Brett Pill,5834,0
Brett Siddall,sa875635,0
Brett Sullivan,18217,0
Brett Tanos,sa548490,0
Brett Vertigan,sa658149,0
Brett Wiley,sa658245,0
Breyvic Valera,12758,0
Brian Bixler,8055,0
Brian Bocock,3534,0
Brian Bryles,sa454923,0
Brian Cavazos-Galvez,sa501665,0
Brian Conley,sa455405,0
Brian Dinkelman,3814,0
Brian Dopirak,sa202764,0
Brian Fletcher,sa526538,0
Brian Friday,sa389902,0
Brian Harrison,sa392219,0
Brian Heere,sa503770,0
Brian Hernandez,sa327841,0
Brian Holberton,sa737846,0
Brian Humphries,sa455430,0
Brian Jeroloman,sa326780,0
Brian Joynt,sa388984,0
Brian McConkey,sa549695,0
Brian McFall,sa225660,0
Brian Mundell,sa875185,0
Brian O'Grady,16729,0
Brian O'Keefe,16680,0
Brian Peacock,sa289020,0
Brian Pellegrini,sa389809,0
Brian Pointer,sa549828,0
Brian Ragira,sa549827,0
Brian Rike,sa390311,0
Brian Ruggiano,sa454739,0
Brian Van Kirk,sa262432,0
Brian Walker,sa388838,0
Bridger Hunt,sa327064,0
Brock Bond,sa390639,0
Brock Carpenter,sa738974,0
Brock Hebert,sa658259,0
Brock Kjeldgaard,sa326252,0
Brock Peterson,4984,0
Brock Stassi,12244,0
Brodie Greene,sa503232,0
Brooks Marlow,sa875979,0
Bruce Caldwell,sa658271,0
Bruce Maxwell,13866,0
Bryan Anderson,9871,0
Bryan Bencosme,sa872766,0
Bryan Brito,sa506254,0
Bryan Byrne,sa291107,0
Bryan Cuevas,sa657320,0
Bryan Haar,sa547007,0
Bryan Holaday,11287,0
Bryan Hudson,sa738118,0
Bryan Lizardo,sa827944,0
Bryan Mejia,sa597100,0
Bryan Muniz,sa829454,0
Bryan Petersen,2567,0
Bryan Pounds,sa455338,0
Bryant Flete,sa657425,0
Bryant Hernandez,sa501569,0
Bryce Brentz,10607,0
Bryce Ortega,sa598315,0
Bryson Myles,sa597971,0
Bryson Smith,sa502686,0
Bubba Bell,sa294147,0
Bubba Starling,13356,0
Buck Britton,sa455619,0
Burt Reynolds,sa328472,0
Byron Capellan,sa548046,0
Byron Wiley,sa454947,0
C.J. Lang,sa381573,0
C.J. Lee,sa390290,0
C.J. McElroy,sa597861,0
C.J. Retherford,sa393409,0
C.J. Ziegler,sa454779,0
Cade Gotta,sa829411,0
Cael Brockmeyer,sa708438,0
Cal Jones,sa918093,0
Cal Towey,sa579778,0
Cale Iorg,sa389445,0
Caleb Adams,sa829163,0
Caleb Gindl,5002,0
Caleb Ramsey,sa526470,0
Callix Crabbe,4448,0
Calten Daal,sa729572,0
Calvin Anderson,sa455189,0
Calvin Culver,sa455501,0
Cam Gallagher,12981,0
Cam Gibson,sa659281,0
Cam Maron,sa503041,0
Cam Schiller,sa658106,0
Cameron Flynn,sa658558,0
Cameron Garfield,sa500836,0
Cameron Perkins,13444,0
Cameron Seitzer,sa578022,0
Candido Pimentel,sa506756,0
Candon Myles,sa598428,0
Carl Thomore,sa597789,0
Carl Wise,sa858805,0
Carlo Testa,sa455365,0
Carlos Alonso,sa525881,0
Carlos Alvarez,sa507022,0
Carlos Belen,sa736746,0
Carlos Belonis,sa657248,0
Carlos Canelon,sa828522,0
Carlos Castro,sa657241,0
Carlos Colmenares,sa328821,0
Carlos Diaz,sa736959,0
Carlos Duran,sa655917,0
Carlos Fernandez-Oliva,sa328486,0
Carlos Garay,sa657431,0
Carlos Garcia,sa506356,0
Carlos George,sa455776,0
Carlos Guzman,sa393390,0
Carlos Hiciano,sa828218,0
Carlos Jean,sa737488,0
Carlos Leal,sa658923,0
Carlos Lopez,sa550060,0
Carlos Mejia,sa741491,0
Carlos Mendez,sa392408,0
Carlos Moncrief,7511,0
Carlos Munoz,sa602498,0
Carlos Oropeza,sa507721,0
Carlos Ozuna,sa657434,0
Carlos Paulino,sa456100,0
Carlos Peguero,8760,0
Carlos Penalver,sa596953,0
Carlos Perdomo,sa504867,0
Carlos Quintana,sa455895,0
Carlos R Rojas,sa244227,0
Carlos Ramirez,11743,0
Carlos Reyes,sa507425,0
Carlos Romero,sa3008188,0
Carlos Talavera,sa740415,0
Carlos Tatis,sa874814,0
Carlos Tovar,sa828311,0
Carlos Triunfel,193,0
Carlos Valdez,sa657483,0
Carlos Valenzuela,sa507262,0
Carlos Vargas,sa917349,0
Carlos Vidal,sa828715,0
Carlos Willoughby,sa506975,0
Carlton Tanabe,sa502115,0
Carmen Angelini,sa390643,0
Carmen Benedetti,sa918269,0
Carson Blair,5429,0
Carson Kainer,sa327789,0
Carter Bell,sa455451,0
Carter Jurica,sa548259,0
Casey Craig,sa244293,0
Casey Frawley,sa501956,0
Casey Gillaspie,sa827177,0
Casey Grayson,sa829305,0
Casey Haerther,sa501491,0
Casey Hughston,sa874093,0
Casey McElroy,sa577018,0
Casey Stevenson,sa503298,0
Casey Turgeon,sa599227,0
Casio Grider,sa501723,0
Cassidy Brown,sa872712,0
Cedric Hunter,2833,0
Cesar Barazarte,sa547793,0
Cesar Carrasco,sa657496,0
Cesar Diaz,sa828129,0
Cesar Fuentes,sa455730,0
Cesar Galvez,sa547994,0
Cesar Guillen,sa508115,0
Cesar Puello,7216,0
Cesar Quintero,sa328448,0
Cesar Suarez,sa244094,0
Cesar Valera,sa503020,0
Chace Numata,sa549139,0
Chad Christensen,sa659001,0
Chad De La Guerra,sa875729,0
Chad Hinshaw,sa738144,0
Chad Huffman,5311,0
Chad Johnson,sa657990,0
Chad Lundahl,sa331349,0
Chad Oberacker,sa549447,0
Chad Sedio,sa918611,0
Chad Smith,sa875028,0
Chad Spann,sa201880,0
Chad Tracy,sa326677,0
Chad Wallach,17161,0
Chad Wright,sa546600,0
Chadd Krist,sa579540,0
Chadwick Tromp,16953,0
Chadwin Stang,sa501594,0
Chais Fuller,sa390292,0
Champ Stuart,sa737827,0
Chan Jong Moon,sa550461,0
Chance Wheeless,sa389687,0
Chandler Laurent,sa502011,0
Chantz Mack,sa738471,0
Charles Tilson,12983,0
Charley Thurber,sa577878,0
Charlie Cutler,sa454748,0
Charlie Fermaint,sa244004,0
Charlie Mirabal,sa506934,0
Charlie Valerio,sa547851,0
Chase Austin,sa501469,0
Chase Burnette,sa549355,0
Chase Fontaine,sa326546,0
Chase Lyles,sa549292,0
Chase McDonald,sa706987,0
Chase Simpson,sa829341,0
Chase d'Arnaud,6652,0
Chaz Frank,sa578987,0
Che-Hsuan Lin,3734,0
Chesny Young,sa829085,0
Chevy Clarke,sa548179,0
Chih-Fang Pan,sa549596,0
Chih-Hsien Chiang,sa328920,0
Chin-Lung Hu,5198,0
Chris Amador,sa199279,0
Chris Berset,sa549458,0
Chris Bisson,sa526933,0
Chris Breen,sa658201,0
Chris Carlson,sa328421,0
Chris Cates,sa393394,0
Chris Chinea,sa827344,0
Chris Curran,sa455157,0
Chris DeVito,sa918117,0
Chris Dennis,sa389763,0
Chris Diaz,sa621581,0
Chris Dominguez,9718,0
Chris Edmondson,sa549888,0
Chris Ellison,sa578020,0
Chris Emanuele,sa327176,0
Chris Epps,sa392214,0
Chris Errecart,sa326743,0
Chris Frey,sa291760,0
Chris Garcia,sa390205,0
Chris Garia,sa548021,0
Chris Gittens,18482,0
Chris Grayson,sa598833,0
Chris Gutierrez,sa291780,0
Chris Hatcher,3299,0
Chris Hawkins,sa548221,0
Chris Henderson,sa502045,0
Chris Herrmann,9284,0
Chris Hoo,sa829425,0
Chris Hopkins,sa455174,0
Chris Iriart,sa875590,0
Chris Jacobs,sa389213,0
Chris Kersten,sa502606,0
Chris Lashmet,sa599509,0
Chris Lofton,sa548460,0
Chris Lubanski,sa243989,0
Chris Madera,sa738486,0
Chris Malec,sa292721,0
Chris Mariscal,sa600255,0
Chris Marrero,2852,0
Chris McConnell,sa254471,0
Chris McFarland,sa599111,0
Chris McGuiness,9423,0
Chris Nash,sa328237,0
Chris O'Brien,sa526558,0
Chris O'Dowd,sa503377,0
Chris Paul,sa875062,0
Chris Pettit,3870,0
Chris Pieters,sa657768,0
Chris Rabago,sa829062,0
Chris Rahl,sa291400,0
Chris Richburg,sa502145,0
Chris Rivera,sa737864,0
Chris Serritella,sa599332,0
Chris Shaw,17738,0
Chris Shehan,sa455237,0
Chris Singleton,sa3005000,0
Chris Swauger,sa455020,0
Chris Tremblay,sa501976,0
Chris Valaika,1165,0
Chris Wallace,sa526346,0
Christian Bethancourt,10028,0
Christian Carmichael,sa548337,0
Christian Cavaness,sa882090,0
Christian Colon,11145,0
Christian Kelley,sa875583,0
Christian Lara,sa254636,0
Christian Lopes,13472,0
Christian Lopez,sa291067,0
Christian Marrero,sa326115,0
Christian Stringer,sa738190,0
Christian Vitters,sa327120,0
Christopher Bostick,13718,0
Christopher Carlson,sa658934,0
Christopher Duffy,sa327090,0
Christopher Minaker,sa327099,0
Christopher Murrill,sa502801,0
Christopher Tamarez,sa597118,0
Christopher Vinyard,sa326109,0
Christopher White,sa390182,0
Chuck Moorman,sa658355,0
Chuck Taylor,sa658001,0
Chuckie Caufield,sa328977,0
Chuckie Jones,sa548399,0
Chun-Hsiu Chen,sa455954,0
Cirilo Cumberbatch,sa254554,0
Cito Culver,sa548315,0
Clark Eagan,sa918180,0
Clark Murphy,sa454571,0
Claudio Bautista,sa600968,0
Claudio Custodio,sa547829,0
Clay Fuller,sa326722,0
Cleuluis Rondon,sa596998,0
Cliff Andersen,sa327069,0
Clint Coulter,sa657922,0
Cody Cipriano,sa390391,0
Cody Daily,sa877350,0
Cody Decker,9665,0
Cody Dent,sa738316,0
Cody Grice,sa598564,0
Cody Hawn,sa526271,0
Cody Johnson,sa326488,0
Cody Jones,sa829826,0
Cody Keefer,sa502776,0
Cody Koback,sa579327,0
Cody Overbeck,sa454914,0
Cody Podraza,sa327888,0
Cody Puckett,sa454975,0
Cody Regis,sa869633,0
Cody Rogers,sa501523,0
Cody Stanley,10838,0
Cody Strait,sa253306,0
Cody Stubbs,sa502437,0
Colby Bortles,sa874213,0
Colby Lusignan,sa918648,0
Cole Anderson,sa875238,0
Cole Armstrong,sa225831,0
Cole Bauml,sa875277,0
Cole Billingsley,sa873699,0
Cole Figueroa,8790,0
Cole Frenzel,sa503730,0
Cole Garner,616,0
Cole Gillespie,5888,0
Cole Lankford,sa827138,0
Cole Leonida,sa526399,0
Cole Miles,sa326096,0
Cole Sturgeon,sa709546,0
Colin Bray,sa737832,0
Colin Curtis,6288,0
Colin Walsh,10961,0
Collin Cowgill,7250,0
Collin DeLome,sa389712,0
Collin Ferguson,sa829421,0
Collin Radack,sa829288,0
Collin Theroux,sa876102,0
Collin Woody,sa919011,0
Colt Sedbrook,sa454782,0
Colton Plaia,sa658920,0
Concepcion Rodriguez,sa328605,0
Conner Crumbliss,sa502365,0
Conner Hale,sa827178,0
Connor Goedert,sa738933,0
Connor Harrell,sa658840,0
Connor Joe,16572,0
Connor Lien,sa658195,0
Connor MacDonald,sa828128,0
Connor Marabell,sa858026,0
Connor Myers,sa918641,0
Connor Narron,sa548331,0
Connor Oliver,sa738298,0
Connor Panas,sa875228,0
Connor Powers,sa501631,0
Connor Spencer,sa829139,0
Conor Bierfeldt,sa738591,0
Conrad Gregor,sa550116,0
Corban Joseph,5503,0
Cord Phelps,8631,0
Cord Sandberg,sa737636,0
Corey Adamson,sa508178,0
Corey Brown,2650,0
Corey Jones,sa546893,0
Corey Kemp,sa454588,0
Corey Simpson,sa737828,0
Corey Toups,sa829321,0
Corey Wimberly,sa290201,0
Correlle Prime,sa658187,0
Cory Harrilchak,sa501701,0
Cory Middleton,sa253643,0
Cory Thompson,sa738349,0
Cory Vaughn,sa526822,0
Coty Blanchard,sa550137,0
Courtney Hawkins,sa657904,0
Craig Aikin,sa858051,0
Craig Cooper,sa326841,0
Craig Corrado,sa389814,0
Craig Gentry,9571,0
Craig Manuel,sa577995,0
Creede Simpson,sa577019,0
Crisford Adames,sa659447,0
Cristhian Adames,6013,0
Cristhian Vasquez,sa837638,0
Cristhofer Martinez,sa548051,0
Cristian Paulino,sa547810,0
Cristian Toribio,sa657281,0
Cristo Arnal,sa291124,0
Cristopher Luciano,sa828301,0
Curt Casali,12510,0
Curt Powell,sa738708,0
Curt Rindal,sa388951,0
Curt Smith,sa455031,0
Curtney Doran,sa506227,0
Cutter Dykstra,sa454428,0
Cyle Hankerd,sa326676,0
D' Vontrey Richardson,sa501484,0
D'Andre Toney,sa549933,0
D'Marcus Ingram,sa328262,0
D.J. Crumlich,sa602513,0
D.J. Davis,sa657912,0
D.J. Fitzgerald,sa502133,0
D.J. Hicks,sa658310,0
D.J. Peterson,sa549926,0
D.J. Wabick,sa293569,0
D.K. Carey,sa549487,0
DJ Jenkins,sa918613,0
Dale Burdick,sa829841,0
Dale Mollenhauer,sa390184,0
Dallas Carroll,sa913370,0
Dallas Poulk,sa545105,0
Dallas Tarleton,sa502006,0
Dalton Blaser,sa659285,0
Dalton Pompey,12797,0
Damek Tomscha,sa550391,0
Damian Taveras,sa507142,0
Damon Sublett,sa389777,0
Dan Arcila,sa506161,0
Dan Black,sa501741,0
Dan Brewer,sa454991,0
Dan Butler,9968,0
Dan Cook,sa389391,0
Dan Fiorito,sa732908,0
Dan Gamache,sa597966,0
Dan Grovatt,sa526191,0
Dan Gulbransen,sa621622,0
Dan Nelson,sa254036,0
Dan Rizzie,sa873964,0
Dan Rohlfing,sa389665,0
Dane Phillips,sa503813,0
Daniel Arribas,sa597735,0
Daniel Berg,sa288795,0
Daniel Bravo,sa657827,0
Daniel Carbonell,sa829978,0
Daniel Carroll,sa390372,0
Daniel Carte,sa294216,0
Daniel Falcon,sa503257,0
Daniel Fields,10390,0
Daniel Franco,sa736907,0
Daniel Garcia,sa327043,0
Daniel Jimenez,sa736876,0
Daniel Kaczrowski,sa502313,0
Daniel Kihle,sa857673,0
Daniel Lockhart,sa598065,0
Daniel Lyons,sa389418,0
Daniel Mayora,sa291160,0
Daniel Padilla,sa828175,0
Daniel Paolini,sa577980,0
Daniel Pertusati,sa455260,0
Daniel Pigott,sa658134,0
Daniel Pinero,sa738204,0
Daniel Rams,sa390353,0
Daniel Rockett,sa737868,0
Daniel Romero,sa826777,0
Daniel Salters,sa829475,0
Daniel Spingola,sa829496,0
Daniel Stegall,sa326842,0
Daniel Suero,sa737458,0
Daniel Sweet,sa658561,0
Daniel Wagner,sa501936,0
Danny Black,sa503432,0
Danny Bomback,sa389382,0
Danny Collins,sa738271,0
Danny Contreras,sa872539,0
Danny Diekroeger,sa705811,0
Danny Dorn,1050,0
Danny Hayes,sa621374,0
Danny Hudzina,sa918201,0
Danny Jansen,16535,0
Danny Lehmann,sa389905,0
Danny Mars,sa829046,0
Danny Mendick,18889,0
Danny Muno,12214,0
Danny Oh,sa546797,0
Danny Ortiz,10317,0
Danny Payne,sa388383,0
Danny Perales,sa327887,0
Danny Santiesteban,sa288798,0
Danny Stienstra,sa598316,0
Danny Worth,198,0
Danry Vasquez,sa598653,0
Dante Bichette,sa597776,0
Darin Holcomb,sa389283,0
Darin Mastroianni,7316,0
Dario Pizzano,sa658253,0
Darius Day,sa829408,0
Darling Read,sa502609,0
Darlyn Figueroa,sa506714,0
Darlyn Mota,sa736810,0
Darnell Sweeney,13284,0
Darrell Ceciliani,9954,0
Darren Ford,109,0
Darren Seferina,sa829376,0
Darryl George,sa598695,0
Darwin Perez,sa392746,0
Darwin Rivera,sa551313,0
Daryl Jones,sa253248,0
Dash Winningham,sa829127,0
Dashenko Ricardo,sa455974,0
Daurys Mercedes,sa507090,0
Dave Sappelt,6898,0
David Adams,7389,0
David Armendariz,sa827133,0
David Cash,sa331355,0
David Chester,sa598680,0
David Christensen,sa326520,0
David Cooper,7752,0
David Denson,sa738130,0
David Flores,sa454611,0
David Gonzalez,sa596234,0
David Harris,sa594138,0
David Herbek,sa526193,0
David Hernandez,sa505582,0
David Kandilas,sa503288,0
David Lyon,sa658989,0
David MacKinnon,19625,0
David Macias,sa455167,0
David Mailman,sa390620,0
David Marks,sa390192,0
David Martinelli,sa874222,0
David Masters,sa602586,0
David Medina,sa455722,0
David Narodowski,sa501748,0
David Nick,sa501268,0
David Olmedo-Barrera,sa658954,0
David Paisano,sa355427,0
David Popkins,sa659491,0
David Renfroe,sa501259,0
David Rohm,sa548456,0
David Rubinstein,sa454697,0
David Sopilka,sa548066,0
David Thomas,sa454851,0
David Thompson,sa659290,0
David Vidal,sa548470,0
David Washington,12110,0
David Williams,sa389303,0
David Winfree,sa244377,0
David Wood,sa389434,0
Davis Stoneburner,sa389184,0
Dayon Olmo,sa828266,0
DeAndre Asbury-Heath,sa738134,0
Dean Anna,8353,0
Dean Espy,sa598807,0
Dean Green,sa526876,0
Deangelo Mack,sa501766,0
Deibinson Romero,sa328505,0
Deiferson Barreto,sa657537,0
Deik Scram,sa328033,0
Deiner Lopez,sa597152,0
Deivy Batista,sa455940,0
Delbis Arcila,sa547805,0
Delta Cleary Jr.,sa463884,0
Delvi Cid,sa455960,0
Delvis Morales,sa547910,0
Denis Phipps,6968,0
Dennis Raben,sa454440,0
Denny Almonte,sa390314,0
Derek Campbell,sa709040,0
Derek Fisher,16192,0
Derek Jones,sa577674,0
Derek McCallum,sa501301,0
Derek Miller,sa829424,0
Derian Cruz,sa916719,0
Derik Capitillo,sa736943,0
Derrick Arnold,sa253855,0
Derrick Loveless,sa599355,0
Derrick Mitchell,sa295726,0
Derrick Robinson,2784,0
Derrick Walker,sa328194,0
Derrik Gibson,sa456041,0
Desmond Lindsay,sa874792,0
Destin Hood,9887,0
Devan Ahart,sa829229,0
Deven Marrero,13325,0
Devery Van De Keere,sa389305,0
Devin Goodwin,sa502521,0
Devin Harris,sa501556,0
Devin Lohman,sa526331,0
Devin Shines,sa598802,0
Devin Thomas,sa390622,0
Devyn Bolasky,sa829558,0
Dexter Kjerstad,sa550381,0
Dexture McCall,sa829535,0
Dickie Joe Thon,sa548351,0
Diego Cedeno,sa548110,0
Diego Goris,sa507199,0
Dillon Baird,sa328255,0
Dillon Dobson,sa875376,0
Dillon Hazlett,sa599180,0
Dillon Moyer,sa549574,0
Dillon Thomas,12719,0
Dilson Herrera,14335,0
Dimas Ojeda,sa918369,0
Dimas Ponce,sa504835,0
Diogenes Luis,sa455622,0
Diomedes Eusebio,sa597097,0
Dionicio Rosario,sa597098,0
Dionis Hinojosa,sa557661,0
Dionis Paulino,sa828542,0
Diory Hernandez,4950,0
Dixon Machado,11472,0
Dock Doyle,sa454558,0
Dom Duggan,sa392049,0
Domingo Martinez,sa872570,0
Domingo Soriano,sa506765,0
Dominic D'Anna,sa549621,0
Dominic De La Osa,sa388364,0
Dominic Ficociello,sa549668,0
Dominic Smith,15653,0
Dominique Taylor,sa599513,0
Domnit Bolivar,sa392831,0
Donald Lutz,10154,0
Donavan Tate,sa500566,0
Donnie Dewees,sa858802,0
Donnie Webb,sa454797,0
Donovan Walton,19314,0
Dorssys Paulino,sa659464,0
Douglas Landaeta,sa502960,0
Dreily Guerrero,sa506225,0
Drew Biery,sa502087,0
Drew Bridges,sa738556,0
Drew Butera,3411,0
Drew Cumberland,sa389927,0
Drew Dosch,sa709292,0
Drew Ferguson,sa875766,0
Drew Garcia,sa455332,0
Drew Hedman,sa502528,0
Drew Heid,sa548464,0
Drew Jackson,17807,0
Drew Leachman,sa598602,0
Drew Lee,sa549868,0
Drew M. Anderson,sa253942,0
Drew Macias,5451,0
Drew Maggi,11381,0
Drew Muren,sa545091,0
Drew Robinson,11761,0
Drew Rundle,sa327795,0
Drew Stankiewicz,sa599531,0
Drew Sutton,7430,0
Drew Thompson,sa294697,0
Drew Turbin,sa875724,0
Drew Turocy,sa598330,0
Drew Vettleson,sa548166,0
Drew Weeks,sa602429,0
Duanel Jones,sa547235,0
Dubal Baez,sa556873,0
Dudley Leonora,sa507108,0
Dustin Biell,sa390432,0
Dustin DeMuth,sa709557,0
Dustin Garneau,9433,0
Dustin Geiger,sa549747,0
Dustin Houle,sa598106,0
Dustin Lawley,sa599380,0
Dustin Martin,sa328277,0
Dusty Coleman,8979,0
Dusty Napoleon,sa389788,0
Dusty Robinson,sa578149,0
Dusty Ryan,2312,0
Dwayne Bailey,sa455286,0
Dwight Britton,sa392878,0
Dyla Burdeaux,sa3004172,0
Dylan Cozens,15115,0
Dylan Davis,sa709037,0
Dylan Johnston,sa296902,0
Ebert Rosario,sa392772,0
Ed Easley,2487,0
Ed Koncel,sa455262,0
Eddie Lora,sa456004,0
Eddie Prasch,sa262562,0
Eddy Martinez-Esteve,sa262156,0
Edgar Cabral,sa738507,0
Edgar Corcino,sa502309,0
Edgar Duran,sa503253,0
Edgar Figueroa,sa697588,0
Edgar Herrera,sa828149,0
Edgar Lara,sa328986,0
Edgar Pineda,sa872575,0
Edgardo Baez,sa244287,0
Edilio Colina,sa383624,0
Edinson Rincon,sa397812,0
Edison Sanchez,sa506234,0
Eduard Pinto,sa579381,0
Eduardo Sosa,sa503877,0
Eduardo de Oleo,sa597686,0
Eduards Tolo,sa504865,0
Edul Escobar,sa502983,0
Edwar Gonzalez,sa202414,0
Edward Alfonzo,sa502669,0
Edward Dorville,sa506092,0
Edward Garcia,sa447186,0
Edward Martinez,sa455902,0
Edward Ovalle,sa254662,0
Edward Salcedo,sa539932,0
Edwin Espinal,sa596971,0
Edwin Fuentes,sa657534,0
Edwin Garcia,sa499640,0
Edwin Gomez,sa455664,0
Edwin Lora,sa737245,0
Edwin Moreno,sa597061,0
Edwin Rodriguez,sa828243,0
Edwin Ventura,sa872772,0
Edwin Wilson,sa3001635,0
Efrain Contreras,sa456010,0
Efrain Nunez,sa502612,0
Efren Navarro,9854,0
Eladio Berroa,sa507266,0
Eleardo Cabrera,sa826658,0
Elevys Gonzalez,sa495744,0
Eli Tintor,sa244038,0
Eli White,19346,0
Elian Herrera,5432,0
Elias Otero,sa455625,0
Eliel Sierra,sa3001554,0
Elier Rodriguez,sa738889,0
Eliezer Castillo,sa656492,0
Eliezer Mesa,sa455629,0
Elijah Rumler,sa390705,0
Elio Castillo,sa597594,0
Elio De La Rosa,sa505522,0
Elliot Soto,11155,0
Elmer Reyes,sa506274,0
Elvin Polanco,sa396241,0
Elvin Soto,sa738187,0
Elvis Escobar,sa657855,0
Elvis Perez,sa872780,0
Elvis Rubio,sa597185,0
Elvis Sabala,sa872452,0
Emeel Salem,sa327108,0
Emerson Jimenez,sa657311,0
Emerson Landoni,sa455907,0
Emilio Guerrero,sa597507,0
Emilio Gustave,sa880795,0
Emilio King,sa503289,0
Emilio Ontiveros,sa381344,0
Emmanuel Avila,sa393008,0
Emmanuel Burriss,2917,0
Emmanuel Garcia,sa284888,0
Emmanuel Marrero,sa829119,0
Emmanuel Morel,sa828178,0
Emmanuel Quiles,sa390612,0
Emmanuel Solis,sa392972,0
Emmanuel Tapia,sa736698,0
Engel Beltre,4918,0
Engelb Vielma,15481,0
Enger Jimenez,sa655918,0
Enlly Morales,sa506901,0
Enmanuel Garcia,sa737006,0
Enmanuel Paulino,sa597211,0
Enmanuel Zabala,sa736841,0
Enyer Polanco,sa3001695,0
Eric Aguilera,sa738943,0
Eric Avila,sa507189,0
Eric Campbell,6938,0
Eric Duncan,sa243993,0
Eric Eiland,sa389892,0
Eric Eymann,sa294202,0
Eric Farris,2066,0
Eric Filia,sa827359,0
Eric Fry,sa392963,0
Eric Fryer,8145,0
Eric Garcia,sa621634,0
Eric Groff,sa549599,0
Eric Gutierrez,sa873999,0
Eric Jagielo,sa550383,0
Eric Marinez,sa736686,0
Eric Oliver,sa502916,0
Eric Patterson,9072,0
Eric Roof,sa502007,0
Eric Stamets,13795,0
Eric Taylor,sa327758,0
Eric Wood,sa602394,0
Erich Weiss,sa737930,0
Erick Castillo,12990,0
Erick Gabo,sa736942,0
Erick Mordock,sa872497,0
Erick Salcedo,sa548029,0
Erick Vasquez,sa596219,0
Ericson Leonora,sa507157,0
Erik Castro,sa501648,0
Erik Gonzalez,13369,0
Erik Huber,sa388977,0
Erik Kanaby,sa389713,0
Erik Komatsu,8039,0
Erik Lis,sa290214,0
Erik Miller,sa389766,0
Erik Morrison,sa454966,0
Erik Wetzel,sa454548,0
Erison Mendez,sa743080,0
Erlin Cerda,sa737222,0
Ernesto Ciprian,sa506762,0
Ernesto Genoves,sa503266,0
Ernesto Manzanillo,sa455735,0
Ernesto Mejia,sa295188,0
Erold Andrus,sa201923,0
Erwin Almonte,sa657315,0
Estarlin De Los Santos,sa328503,0
Estarlin Martinez,sa507023,0
Estarlyn Morales,sa547982,0
Ethan Chapman,sa658802,0
Eudor Garcia,sa828870,0
Eudy Pina,sa506909,0
Eudy Ramos,sa740555,0
Eudys Rivera,sa830657,0
Eury Perez,10299,0
Evan Bigley,sa455109,0
Evan Chambers,sa392103,0
Evan Crawford,sa501547,0
Evan Frey,sa390638,0
Evan Marzilli,sa621523,0
Evan Van Hoosier,sa658796,0
Everett Williams,sa500803,0
Exicardo Cayones,sa504941,0
Fabian Andrade,sa917083,0
Fausto Natera,sa506136,0
Federico Hernandez,sa455662,0
Felipe Blanco,sa598819,0
Felipe Burin,sa504781,0
Felix Bido,sa507879,0
Felix Carrasco,sa328840,0
Felix G. Santana,sa596846,0
Felix Gonzalez,sa503269,0
Felix Marine,sa507255,0
Felix Marte,sa506244,0
Felix Munoz,sa506830,0
Felix Osorio,sa832300,0
Felix Sanchez,sa503859,0
Felix Vinicio,sa828167,0
Fernando Cruz,7048,0
Fernando De Los Santos,sa503248,0
Fernando Garcia,sa392203,0
Fernando Martinez,9210,0
Fernando Perez,7755,0
Fernando Pujadas,sa548638,0
Fernando Valdez,sa917280,0
Fernery Ozuna,sa739259,0
Fidel Hernandez,sa293865,0
Fidel Matos,sa827245,0
Fidel Pena,sa506770,0
Forrestt Allday,sa737849,0
Franchy Cordero,14567,0
Francis Christy,sa738727,0
Francisco Aponte,sa504935,0
Francisco Arcia,10286,0
Francisco Castillo,sa596944,0
Francisco Contreras,sa547770,0
Francisco Diaz,sa505229,0
Francisco Guzman,sa295174,0
Francisco Medina,sa872805,0
Francisco Mejia,16403,0
Francisco Peguero,5496,0
Francisco Pena,8298,0
Francisco Plasencia,sa200301,0
Francisco Rivera,sa452248,0
Francisco Rodriguez,sa827946,0
Francisco Sanchez,sa597087,0
Francisco Santana,sa502529,0
Francisco Soriano,sa456102,0
Francisco Sosa,sa506298,0
Francisco Ventura,sa917360,0
Frandy De La Rosa,sa736663,0
Frank Almonte,sa455590,0
Frank Diaz,sa200361,0
Frank Frias,sa736660,0
Frank Martinez,sa254452,0
Frank Pfister,sa455407,0
Frank Schwindel,15351,0
Frankeny Fernandez,sa828303,0
Franklin Correa,sa736869,0
Franklin Garcia,sa873167,0
Franklin Guzman,sa736919,0
Franklin Hernandez,sa392779,0
Franklin Navarro,sa655913,0
Franklin Paz,sa504992,0
Franklin Rollin,sa827951,0
Franklin Romero,sa502055,0
Franklin Tineo,sa828342,0
Franly Mallen,sa827978,0
Franmi Cabrera,sa547807,0
Frazier Hall,sa547003,0
Fred Ford,sa658026,0
Freddie Thon,sa254490,0
Freddy Parejo,sa254513,0
Freddy Rodriguez,sa830209,0
Freddy Sandoval,6863,0
Frederick Parejo,sa396229,0
Fu-Lin Kuo,sa549556,0
G.K. Young,sa918719,0
Gabe Jacobo,sa454609,0
Gabriel Cenas,sa596839,0
Gabriel Cornier,sa506981,0
Gabriel Guerrero,14528,0
Gabriel Lino,sa548048,0
Gabriel Mejia,sa828213,0
Gabriel Noriega,sa455932,0
Gabriel Quintana,sa548052,0
Gabriel Reyes,sa506300,0
Gabriel Roa,sa658628,0
Gabriel Santana,sa506054,0
Gabriel Tenia,sa546560,0
Gage Green,sa876215,0
Galli Cribbs Jr.,sa708444,0
Garabez Rosa,sa455978,0
Garin Cecchini,11608,0
Garis Pena,sa503465,0
Garrett Baker,sa392356,0
Garrett Boulware,sa602662,0
Garrett Buechele,sa578004,0
Garrett Guzman,sa201142,0
Garrett Kennedy,sa875722,0
Garrett McCain,sa915823,0
Garrett Olson,sa326715,0
Garrett Stubbs,18067,0
Garrett Weber,sa598344,0
Garrison Lassiter,sa455519,0
Garvis Lara,sa828305,0
Gary Brown,11464,0
Gary Helmick,sa503461,0
Gary Mitchell,sa549568,0
Gavin Cecchini,17005,0
Gavin Dickey,sa327649,0
Gean Rigby,sa828219,0
Geancarlo Mendez,sa507247,0
Gene Cone,sa874078,0
Geoandry Montilla,sa826787,0
Geoff Klein,sa547202,0
Geoff Strickland,sa291517,0
George Matheus,sa456343,0
George Soto,sa455614,0
Geraldo Rodriguez,sa328771,0
Geraldo Valor,sa596171,0
Gerard Hall,sa509852,0
Gerard Hernandez,sa829282,0
Gerardo Mambell,sa503019,0
Gerardo Olivares,sa503314,0
Gerardo Reyes,sa506524,0
Gerlis Rodriguez,sa503031,0
German Duran,3919,0
Gernaldo Castillo,sa502943,0
Gerrion Grim,sa829326,0
Gersel Pitre,sa828176,0
Gerson Jimenez,sa736760,0
Gerson Montilla,sa502539,0
Gerwuins Velazco,sa504715,0
Geulin Beltre,sa463212,0
Gian Arias,sa505514,0
Gianfranco Wawoe,sa596239,0
Gift Ngoepe,10340,0
Gilbert Gomez,sa506916,0
Gio Brusa,sa659068,0
Gioskar Amaya,sa547898,0
Glenn Beltran,sa505258,0
Glynn Davis,sa598601,0
Gonzalo Gonzalez,sa506168,0
Gorge Munoz,sa872810,0
Grabiel Jimenez,sa828200,0
Granden Goetzman,sa597785,0
Grant Buckner,sa599302,0
Grant Desme,sa389287,0
Grant Fink,sa738256,0
Grant Gerrard,sa326830,0
Grant Green,10053,0
Grant Heyman,sa658171,0
Grant Hogue,sa503066,0
Grant Kay,sa829446,0
Grant Massey,sa875816,0
Grant Psomas,sa253875,0
Grayson Greiner,17062,0
Greg Allen,16623,0
Greg Buchanan,sa327084,0
Greg Burns,sa254336,0
Greg Dowling,sa327390,0
Greg Folgia,sa503378,0
Greg Golson,8074,0
Greg Halman,6617,0
Greg Hopkins,sa549602,0
Greg Miclat,sa454552,0
Greg Paiml,sa389444,0
Greg Picart,sa254628,0
Greg Pron,sa599385,0
Greg Rohan,sa502095,0
Greg Sexton,sa390637,0
Greg Veloz,sa381346,0
Gregori Rivero,sa735842,0
Gregorio Petit,3812,0
Gregoris Hidalgo,sa657561,0
Gregory Lorenzo,sa507882,0
Gregory Munoz,sa737565,0
Gregory Thomson,sa291121,0
Gregory Yersich,sa291537,0
Greifer Andrade,sa826675,0
Griff Erickson,sa327827,0
Griffin Garabito,sa839988,0
Grolmann Gonzalez,sa455979,0
Guillermo Pimentel,sa502797,0
Guillermo Toribio,sa396227,0
Gunnar Heidt,sa827195,0
Gus Milner,sa327803,0
Gustavo Martinez,sa597739,0
Gustavo Nunez,sa446859,0
Gustavo Pierre,sa503319,0
Hainley Statia,sa254151,0
Hak-Ju Lee,sa502536,0
Hamlet Marte,sa597218,0
Hank Conger,2505,0
Hanleth Otano,sa736620,0
Hansel Jimenez,sa872447,0
Hanser Ortiz,sa828403,0
Harold Garcia,sa455748,0
Harold Martinez,sa455422,0
Harold Riggins,sa546789,0
Hector Alvarez,sa396225,0
Hector Estrella,sa390232,0
Hector Garcia,sa504702,0
Hector Gomez,2264,0
Hector Guevara,sa504966,0
Hector Hernandez,sa827078,0
Hector Mercedes,sa3001490,0
Hector Pellot,sa297067,0
Hector Roa,sa679482,0
Hector Sanchez,10289,0
Hector Vargas,sa736941,0
Hector Veloz,sa597048,0
Heiker Meneses,sa506229,0
Helder Velazquez,sa326728,0
Henderson Perez,sa917304,0
Hendry Jimenez,sa503845,0
Hengelbert Rojas,sa657394,0
Hengerber Medina,sa659366,0
Henrry Pedra,sa827246,0
Henrry Rosario,sa657435,0
Henry Alejandro Rodriguez,7983,0
Henry Castillo,sa736756,0
Henry Charles,sa597062,0
Henry Garcia,sa657771,0
Henry Lugo,sa737426,0
Henry Moreno,sa502814,0
Henry Pena,sa505518,0
Henry Pujols,sa917341,0
Henry Santana,sa737007,0
Henry Wrigley,sa296971,0
Henry Zabala,sa503885,0
Herbert Lara,sa455757,0
Herlis Rodriguez,sa597740,0
Hernan Iribarren,4177,0
Hersin Martinez,sa657539,0
Hidekel Gonzalez,sa828332,0
Hilton Richardson,sa389857,0
Hitaniel Arias,sa456093,0
Humberto Arteaga,13595,0
Humberto Garcia,sa597111,0
Humberto Sosa,sa454224,0
Humberto Valor,sa546567,0
Hunter Cole,sa603087,0
Hunter Jones,sa548556,0
Hunter Lockwood,sa598909,0
Hunter Mense,sa327996,0
Hunter Morris,sa526553,0
Hunter Owen,20034,0
Hutton Moyer,sa875235,0
Ian Gac,sa244078,0
Ian Miller,15156,0
Ian Parmley,13821,0
Ian Rice,sa658968,0
Ian Sagdal,sa875695,0
Ian Strom,sa918511,0
Ibrahim McKenzie,sa596854,0
Ignacio Valdez,sa657563,0
Ildemaro Vargas,13324,0
Irving Falu,6165,0
Irving Ortega,sa872446,0
Isa Garcia,sa327079,0
Isaac Ballou,sa579269,0
Isaac Galloway,5238,0
Isaiah Yates,sa658311,0
Isaias Asencio,sa455606,0
Isaias Lucena,sa736921,0
Isaias Tejeda,sa550534,0
Isaias Velasquez,sa392362,0
Ismael Dionicio,sa505252,0
Ismael Pena,sa736758,0
Ismael Salgado,sa598291,0
Ismael Tijerina,sa504825,0
Ismel Antunez,sa504983,0
Israel Mota,sa737047,0
Isrrael De La Cruz,sa828863,0
Ivan  Ramirez,sa504757,0
Ivan Castro,sa396233,0
Ivan Contreras,sa392739,0
Ivan De Jesus Jr.,9886,0
Ivan Espinoza,sa3001599,0
Ivan Gonzalez,sa748873,0
Ivan Wilson,sa737624,0
J.B. Woodman,sa738989,0
J.C. Cardenas,sa875166,0
J.C. Rodriguez,sa597094,0
J.D. Alfaro,sa454996,0
J.D. Williams,sa548483,0
J.J. Fernandez,sa658021,0
J.P. Ramirez,sa455310,0
J.P. Sportman,sa829450,0
J.R. Higley,sa455010,0
J.R. Towles,7348,0
J.T. Hall,sa254528,0
J.T. Restko,sa244027,0
J.T. Wise,sa505632,0
JaVon Shelby,sa738714,0
Jabari Blash,11247,0
Jabari Henry,sa503328,0
Jace Conrad,sa829073,0
Jack Lopez,13663,0
Jack Marder,sa502687,0
Jack Mayfield,15402,0
Jack Murphy,sa502520,0
Jack Reinheimer,14938,0
Jack Rye,sa454732,0
Jack Sundberg,sa913277,0
Jackson Valera,sa505529,0
Jackson Williams,8524,0
Jacob Anderson,sa597752,0
Jacob Bosiokovic,sa918394,0
Jacob Butler,sa290209,0
Jacob Hannemann,15644,0
Jacob Julius,sa392924,0
Jacob Kaase,sa392151,0
Jacob May,14876,0
Jacob Morris,sa503050,0
Jacob Rogers,sa455553,0
Jacob Scavuzzo,sa658601,0
Jacob Schrader,sa707778,0
Jae-Hoon Ha,sa502535,0
Jaff Decker,7945,0
Jaffe Garcia,sa872747,0
Jahdiel Santamaria,sa455904,0
Jai Miller,5715,0
Jaime Del Valle,sa507097,0
Jaime Ortiz,sa326826,0
Jaime Pedroza,sa389397,0
Jair Fernandez,sa324904,0
Jair Morelos,sa596038,0
Jairo Beras,sa740444,0
Jairo Castillo,sa3001654,0
Jairo De La Rosa,sa254527,0
Jairo Gomez,sa507250,0
Jairo Kelly,sa547848,0
Jairo Marquez,sa503943,0
Jairo Perez,sa504599,0
Jairo Rodriguez,sa634679,0
Jake Blackwood,sa327899,0
Jake DePew,sa548454,0
Jake Elmore,7290,0
Jake Goebbert,9431,0
Jake Hager,12198,0
Jake Hanson,sa455274,0
Jake Jefferies,sa454447,0
Jake Kahaulelio,sa389243,0
Jake Kuebler,sa455078,0
Jake Lemmerman,sa526398,0
Jake Lowery,sa597837,0
Jake Noll,19703,0
Jake Oester,sa545171,0
Jake Opitz,sa455006,0
Jake Peter,sa829115,0
Jake Romanski,sa738897,0
Jake Scudder,sa3004512,0
Jake Shaffer,sa455231,0
Jake Skole,sa548177,0
Jake Stewart,sa501749,0
Jake Stone,sa738381,0
Jake Thomas,sa875859,0
Jake Yacinich,sa829135,0
Jakob Dalfonso,sa501990,0
Jalen Harris,sa599906,0
Jamaal Hawkins,sa549818,0
Jamal Austin,sa526245,0
Jamar Walton,sa254344,0
James Adduci,6448,0
James Baldwin,sa548307,0
James Beresford,4626,0
James Cooper,sa291730,0
James Darnell,9060,0
James Guerrero,sa291494,0
James Harris,sa597804,0
James McOwen,sa390449,0
James Ramsay,sa550086,0
James Ramsey,sa599239,0
James Rapoport,sa328607,0
James Robbins,sa502680,0
James Roberts,sa550164,0
James Simmons,sa326261,0
James Skelton,sa253647,0
James Vasquez,sa875804,0
James Wooster,sa503571,0
Jameson Fisher,sa658576,0
Jamie Hoffmann,6461,0
Jamie Johnson,sa501504,0
Jamie Ritchie,sa829058,0
Jamie Romak,5552,0
Jamodrick McGruder,sa621639,0
Jan Vazquez,sa501536,0
Janelfry Zorrilla,sa506159,0
Janluis Castro,sa658301,0
Jantzen Witte,sa738324,0
Jared Bolden,sa454964,0
Jared Breen,sa738339,0
Jared Clark,sa389935,0
Jared Foster,sa875097,0
Jared Goedert,sa327086,0
Jared Hoying,10882,0
Jared James,sa829527,0
Jared Keel,sa326581,0
Jared King,sa621638,0
Jared Mitchell,sa327116,0
Jared Prince,sa502557,0
Jared Reaves,sa658626,0
Jared Simon,sa548345,0
Jarek Cunningham,sa455364,0
Jarred Bogany,sa455601,0
Jarrett Burgess,sa454744,0
Jarrett Parker,11624,0
Jason Bour,sa389222,0
Jason Christian,sa454572,0
Jason Coats,14282,0
Jason Delaney,sa291783,0
Jason Denham,sa253725,0
Jason Esposito,sa454765,0
Jason Hagerty,sa501451,0
Jason Kanzler,sa738209,0
Jason King,sa597957,0
Jason Krizan,12394,0
Jason Leblebijian,sa658622,0
Jason Louwsma,sa328012,0
Jason Martinson,sa548330,0
Jason Morozowski,sa875605,0
Jason Ogata,sa455898,0
Jason Place,sa326496,0
Jason Pridie,4611,0
Jason Rogers,11773,0
Jason Smit,sa329393,0
Jason Stidham,sa501583,0
Jason Stolz,sa526564,0
Jason Taylor,sa326519,0
Jason Tweedy,sa454593,0
Jason Van Kooten,sa262052,0
Jason Vosler,16686,0
Jason White,sa389789,0
Javier Azcona,sa506697,0
Javier Betancourt,sa655912,0
Javier Brito,sa244090,0
Javier Godard,sa737065,0
Javier Hernandez,sa736831,0
Javier Lopez,sa657314,0
Javier Pimentel,sa597114,0
Javier Rodriguez,sa454442,0
Javis Diaz,sa295750,0
Javy Guerra,17292,0
Jay Austin,sa454430,0
Jay Baum,sa827313,0
Jay Brossman,sa390229,0
Jay Cox,sa328149,0
Jay Feliciano,sa881295,0
Jay Gonzalez,sa549777,0
Jay Jabs,sa873712,0
Jay Johnson,sa292359,0
Jay Miller,sa328009,0
Jayce Boyd,sa502020,0
Jaycob Brugman,14936,0
Jaynnertt Melenciano,sa503300,0
Jayson Langfels,sa546633,0
Jean Acevedo,sa504778,0
Jean Almanzar,sa502565,0
Jean Carlos Arias,sa872811,0
Jean Carlos Valdez,sa548037,0
Jean Luc Blaquiere,sa284807,0
Jecksson Flores,sa597007,0
Jeff Arnold,sa549361,0
Jeff Bianchi,9958,0
Jeff Boehm,sa875639,0
Jeff Clement,4652,0
Jeff Corsaletti,sa294438,0
Jeff Diehl,sa599249,0
Jeff Dominguez,sa254034,0
Jeff Flagg,sa455192,0
Jeff Frazier,8056,0
Jeff Gardner,sa827127,0
Jeff Gelalich,sa503399,0
Jeff Glenn,sa501590,0
Jeff Hendrix,sa829803,0
Jeff Holm,sa598329,0
Jeff Kemp,sa658834,0
Jeff Kindel,sa327780,0
Jeff Kobernus,9591,0
Jeff Lanning,sa454930,0
Jeff Larish,5128,0
Jeff Malm,sa501489,0
Jeff McVaney,sa658125,0
Jeff Natale,sa294116,0
Jeff Rowland,sa502026,0
Jeff Roy,sa738198,0
Jeff Zimmerman,sa738237,0
Jeffer Patino,sa503464,0
Jeffrey Baez,sa597088,0
Jeffrey Cunningham,sa389894,0
Jeffrey Hehr,sa390245,0
Jeffry Santos,sa602920,0
Jefrey Souffront,sa872529,0
Jefry Marte,5107,0
Jefry Puente,sa547808,0
Jefry Sierra,sa503861,0
Jeison Rodriguez,sa917755,0
Jem Argenal,sa504704,0
Jenner Emeterio,sa658996,0
Jensi Peralta,sa506034,0
Jeramy Laster,sa244031,0
Jered Stanley,sa401626,0
Jeremias Pineda,sa598687,0
Jeremias Portorreal,sa828441,0
Jeremie Tice,sa454601,0
Jeremy Baltz,sa503672,0
Jeremy Barfield,sa327073,0
Jeremy Barnes,sa501661,0
Jeremy Cruz,sa501778,0
Jeremy Farrell,sa454554,0
Jeremy Hazelbaker,9399,0
Jeremy Hunt,sa328325,0
Jeremy Lucas,sa503053,0
Jeremy Martinez,sa738674,0
Jeremy Moore,7307,0
Jeremy Nowak,sa549111,0
Jeremy Patton,sa598474,0
Jeremy Rathjen,sa602610,0
Jeremy Schaffer,sa577850,0
Jeremy Slayden,sa294415,0
Jeremy Sy,sa658194,0
Jeremy Synan,sa456099,0
Jerico Blanco,sa506339,0
Jerison Lopez,sa507154,0
Jermaine Curtis,7765,0
Jermaine Mitchell,sa326749,0
Jerome Pena,sa503393,0
Jerrick Suiter,sa599740,0
Jerrud Sabourin,sa546776,0
Jerry Downs,sa875630,0
Jerry Puentes,sa507093,0
Jerry Sands,4016,0
Jesmuel Valentin,14548,0
Jesse Bosnik,sa549174,0
Jesse Hodges,sa739560,0
Jesse Wierzbicki,sa599282,0
Jesus Alastre,sa826646,0
Jesus Brito,sa502605,0
Jesus Galindo,sa506980,0
Jesus Gonzalez,sa291090,0
Jesus Graterol,sa873179,0
Jesus Henriquez,sa871434,0
Jesus Lage,sa872494,0
Jesus Loya,sa548065,0
Jesus Martinez,sa739048,0
Jesus Morales,sa507031,0
Jesus Morelli,sa502591,0
Jesus Severino,sa827943,0
Jesus Solorzano,sa506837,0
Jesus Sucre,5942,0
Jesus Ugueto,sa504788,0
Jesus Ustariz,sa546572,0
Jesus Vasquez,sa507197,0
Jesus Villegas,sa392935,0
Jetsy Extrano,sa502610,0
Jett Bandy,12508,0
Jeudy Valdez,sa392932,0
Jeyckol De Leon,sa506907,0
Jeyner Baez,sa828411,0
Jeyson Sanchez,sa828118,0
Jhalan Jackson,sa875208,0
Jharmidy De Jesus,sa455931,0
Jhimmy Lopez,sa506268,0
Jhoan Herrera,sa736902,0
Jhohan Acevedo,sa546473,0
Jhombeyker Morales,sa655900,0
Jhon Florentino,sa291748,0
Jhon Goncalves,sa456464,0
Jhonaldo Pozo,sa502653,0
Jhonatan Arias,sa503157,0
Jhonatan Pena,sa739832,0
Jhonatan Solano,7515,0
Jhonny Gomez,sa505941,0
Jhonny Medrano,sa502263,0
Jhonny Rodriguez,sa736687,0
Jiandido Tromp,sa659194,0
Jim Gallagher,sa389255,0
Jim Murphy,sa454769,0
Jim Negrych,sa326763,0
Jiminson Natera,sa547844,0
Jimmy Allen,sa550133,0
Jimmy Bosco,sa621485,0
Jimmy Cesario,sa462937,0
Jimmy Kerrigan,sa3005235,0
Jimmy Pickens,sa602593,0
Jimmy Van Ostrand,sa327047,0
Jimmy Yezzo,sa737918,0
Jin-De Jhang,sa653546,0
Jin-Ho Shin,sa549635,0
Jio Mier,sa500732,0
Jiwan James,sa502525,0
Joan Mauricio,sa828130,0
Joantoni Garcia,sa455999,0
Jobduan Morales,sa501573,0
Jodam Rivera,sa254175,0
Jodaneli Carvajal,sa507198,0
Joe Becker,sa392145,0
Joe Bennie,sa738417,0
Joe Benson,2845,0
Joe Bonfe,sa502086,0
Joe Bowen,sa327653,0
Joe De Pinto,sa577723,0
Joe DeCarlo,sa657935,0
Joe Dickerson,sa291263,0
Joe Hudson,14412,0
Joe Jackson,sa550375,0
Joe Leonard,sa548249,0
Joe Mahoney,8179,0
Joe Maloney,sa598092,0
Joe Mather,3714,0
Joe McCarthy,18399,0
Joe Munoz,sa657976,0
Joe Oliveira,sa549145,0
Joe Persichina,sa393408,0
Joe Sclafani,sa658257,0
Joe Sever,sa579296,0
Joe Tuschak,sa597974,0
Joe Winker,sa599388,0
Joel Booker,sa918497,0
Joel Caminero,sa506134,0
Joel Capote,sa658665,0
Joel Guzman,3728,0
Joel Hutter,sa546925,0
Joel Licon,sa658597,0
Joel Mejia,sa551275,0
Joel Naughton,sa293985,0
Joel Polanco,sa503467,0
Joey Bergman,sa502109,0
Joey Butler,7799,0
Joey Callender,sa328082,0
Joey Curletta,sa658025,0
Joey DeMichele,sa621612,0
Joey Lewis,sa503370,0
Joey Paciorek,sa389764,0
Joey Pankake,sa602663,0
Joey Rickard,13277,0
Joey Side,sa326776,0
Joey Terdoslavich,10593,0
Joey Wong,sa502131,0
Johan De Jesus,sa548717,0
Johan Garcia,sa392354,0
Johan Limonta,sa328092,0
Johermyn Chavez,sa328855,0
John Andreoli,13012,0
John Bowker,8276,0
John Brontsema,sa918625,0
John Curtis,sa327662,0
John Delaney,sa454878,0
John Delgado,sa506155,0
John Dishon,sa549603,0
John Drennen,sa291168,0
John Hester,877,0
John Matulia,sa291104,0
John Mora,sa657676,0
John Murrian,sa501551,0
John Nester,sa526557,0
John Nogowski,16852,0
John Norwood,sa598986,0
John Polonius,sa599310,0
John Raglani,sa254351,0
John Raynor,9450,0
John Riley,sa738650,0
John Ruettiger,sa526284,0
John Ryan Murphy,10346,0
John Sansone,sa659304,0
John Schuknecht,sa919000,0
John Shelby,sa326756,0
John Tolisano,sa389891,0
John Whittleman,sa291246,0
John Wooten,sa501993,0
Johnni Turbo,sa326716,0
Johnny Davis,15830,0
Johnny Field,15048,0
Johnny Monell,2783,0
Johnny Sewald,sa658947,0
Johnny Woodard,sa225881,0
Johny Celis,sa455634,0
Jon Berti,12037,0
Jon Edwards,1483,0
Jon Garcia,sa501579,0
Jon Gaston,sa454776,0
Jon Gilmore,sa389913,0
Jon Griffin,sa598794,0
Jon Karcich,sa501525,0
Jon Kemmer,sa738208,0
Jon Leroux,sa658903,0
Jon Mark Owings,sa254697,0
Jon Matthews,sa598118,0
Jon Murphy,sa658472,0
Jon Still,sa326723,0
Jon Talley,sa389199,0
Jon Waltenbury,sa326844,0
Jonah Todd,sa3002724,0
Jonas Lantigua,sa657493,0
Jonatan Hinojosa,sa550597,0
Jonatan Santana,sa506018,0
Jonathan Arias,sa392877,0
Jonathan Davis,15104,0
Jonathan Galvez,sa502621,0
Jonathan Greene,sa389860,0
Jonathan Hee,sa454891,0
Jonathan Jaspe,sa291091,0
Jonathan Jones,sa526453,0
Jonathan Malo,sa287833,0
Jonathan Meyer,sa501198,0
Jonathan Mota,sa291809,0
Jonathan Perez,sa506776,0
Jonathan Piron,sa736955,0
Jonathan Quinonez,sa506672,0
Jonathan Reynoso,sa551309,0
Jonathan Rivera,sa828378,0
Jonathan Roof,sa546779,0
Jonathan Schwind,sa598663,0
Jonathan Wyatt,sa389732,0
Jonathon Fixler,sa389825,0
Jonel Pacheco,sa293568,0
Jonesy Zarraga,sa506028,0
Jonny Tucker,sa254902,0
Jordan Akins,sa548254,0
Jordan Betts,sa827329,0
Jordan Casas,sa526429,0
Jordan Cheatham,sa393009,0
Jordan Danks,9187,0
Jordan Edgerton,sa829189,0
Jordan Galvez,sa546568,0
Jordan George,sa876211,0
Jordan Henry,sa501511,0
Jordan Kreke,sa501696,0
Jordan Lennerton,sa455610,0
Jordan Luplow,16424,0
Jordan Newton,sa326765,0
Jordan Parraz,sa253734,0
Jordan Patterson,15119,0
Jordan Procyshen,sa829345,0
Jordan Ribera,sa578145,0
Jordan Scott,sa549122,0
Jordan Serena,sa876218,0
Jordan Smith,sa579297,0
Jordan Steranka,sa579539,0
Jordan Weems,13190,0
Jordany Valdespin,5098,0
Jordy Lara,sa506241,0
Jorge Agudelo,sa504780,0
Jorge Andrade,sa393007,0
Jorge Castillo,sa455497,0
Jorge Flores,sa550275,0
Jorge Gil,sa828248,0
Jorge Lopez,sa506575,0
Jorge Martinez,sa549648,0
Jorge Minyety,sa502628,0
Jorge Padron,sa543301,0
Jorge Parra,sa736890,0
Jorge Quiterio,sa737303,0
Jorge Rivero,sa596986,0
Jorge Saez,sa658909,0
Jorgen Rosas,sa872449,0
Jorky Infante,sa506936,0
Jose  Martinez,sa506151,0
Jose Alejandro Gonzalez,sa826651,0
Jose Antequera,sa826778,0
Jose Augusto Figueroa,sa597028,0
Jose Bellorin,sa504822,0
Jose Benjamin,sa830142,0
Jose Briceno,13151,0
Jose Brizuela,sa602857,0
Jose Camarena,sa295111,0
Jose Camargo,sa455958,0
Jose Capellan,sa506929,0
Jose Caraballo,sa828151,0
Jose Cardona,sa599888,0
Jose Carlos Urena,sa657491,0
Jose Constanza,6003,0
Jose Coronado,sa295207,0
Jose Cortez,sa3001620,0
Jose Crisotomo,sa456089,0
Jose Cuas,17701,0
Jose Cuevas,sa549829,0
Jose De Los Santos,sa328907,0
Jose Del Palacio,sa917789,0
Jose Duarte,sa596170,0
Jose Flores,sa506142,0
Jose Gil,sa294329,0
Jose Giron,sa547946,0
Jose Gualdron,sa392407,0
Jose Heberto Felix,sa447630,0
Jose Javier,sa548072,0
Jose Jimenez,sa295166,0
Jose Jules,sa872519,0
Jose Leal,sa610029,0
Jose Lozada,sa454600,0
Jose Maria,sa657681,0
Jose Marmolejos,15767,0
Jose Mojica,sa328848,0
Jose Morel,sa596856,0
Jose Osuna,12937,0
Jose Ovalles,sa596289,0
Jose Paez,sa546564,0
Jose Paniagua,sa657307,0
Jose Patino,sa872801,0
Jose Pujols,sa739662,0
Jose Queliz,sa658848,0
Jose R. Flores,sa328831,0
Jose Rivero,sa455668,0
Jose Roman,sa546816,0
Jose Rondon,14140,0
Jose Ruiz,14552,0
Jose Salazar,sa596025,0
Jose Sandoval,sa826676,0
Jose Solano,sa547835,0
Jose Soledad,sa505039,0
Jose Tonton,sa828430,0
Jose Torrealba,sa871439,0
Jose Toussen,sa503878,0
Jose Valdez,sa502537,0
Jose Vallejo,sa294128,0
Jose Vargas,sa455452,0
Jose Vicente,sa828860,0
Jose Vinicio,sa549538,0
Jose Vizcaino Jr.,sa659043,0
Jose Zambrano,sa655915,0
Joseph Batten,sa288758,0
Joseph Daris,sa829344,0
Joseph Dunigan,sa389233,0
Joseph Miranda,sa735843,0
Joseph Monge,sa738151,0
Joseph Odom,15535,0
Joseph Rapp,sa503405,0
Joseph Sanders,sa501457,0
Joseph Staley,sa548551,0
Joseph Tucker,sa327747,0
Josh Adams,sa392238,0
Josh Alley,sa294346,0
Josh Almonte,sa658538,0
Josh Anderson,6032,0
Josh Elander,sa503164,0
Josh Fellhauer,sa501503,0
Josh Flores,sa291083,0
Josh Hart,sa737536,0
Josh Horton,sa390360,0
Josh Johnson,sa254333,0
Josh Lansford,sa326778,0
Josh Mazzola,sa455891,0
Josh McAdams,sa658097,0
Josh Morgan,sa828797,0
Josh Parr,sa579806,0
Josh Prince,6746,0
Josh Richmond,sa526317,0
Josh Sale,sa548183,0
Josh Satin,6788,0
Josh Tobias,sa599333,0
Josh Vidales,sa857715,0
Josh Vitters,4623,0
Josh Whitaker,sa549594,0
Joshua Banuelos,sa829579,0
Joshua Fuentes,16885,0
Joshua Lopez,sa736864,0
Joshua Rodriguez,5716,0
Joshual Ramirez,sa753429,0
Josmar Cordero,sa547928,0
Josmil Pinto,6806,0
Josue Calzado,sa328507,0
Josue Peley,sa392938,0
Jovan Rosa,sa328155,0
Jovanny Rosario,sa328617,0
Juan Apodaca,sa286639,0
Juan Araujo,sa872456,0
Juan Avila,sa503731,0
Juan B Cabrera,sa506579,0
Juan Barriento,sa829438,0
Juan Blanco,sa506760,0
Juan Carlos Arias,sa828184,0
Juan Carlos Gamboa,sa542553,0
Juan Carlos Perez,5371,0
Juan Centeno,7168,0
Juan Ciriaco,sa226165,0
Juan Crousset,sa516161,0
Juan Cuello,sa503245,0
Juan De La Cruz,sa547855,0
Juan De Los Santos,sa599997,0
Juan Duran,sa503255,0
Juan Fuente,sa737642,0
Juan Fuentes,sa392880,0
Juan Graterol,5398,0
Juan Kelly,sa657541,0
Juan Miranda,7783,0
Juan Montes,sa828387,0
Juan Moreno,sa657138,0
Juan Mota,sa550690,0
Juan Ortiz,sa657253,0
Juan Portes,sa253551,0
Juan Ramirez,sa507087,0
Juan Romero,sa549649,0
Juan Silva,sa501563,0
Juan Silverio,sa455632,0
Juan Tejada,sa657545,0
Juan Urdaneta,sa507034,0
Juancito Martinez,sa506822,0
Juaner Aguasvivas,sa506694,0
Julian Morillo,sa506133,0
Julian Yan,sa506301,0
Julio Alcala,sa507094,0
Julio Aparicio,sa455630,0
Julio Cedeno,sa503145,0
Julio Concepcion,sa503234,0
Julio Izturis,sa502599,0
Julio Martinez,sa872583,0
Julio Mendez,sa828121,0
Julio Morban,sa503304,0
Julio Pena,sa596961,0
Julio Perez,sa328447,0
Juniel Querecuto,12140,0
Junior Amarante,sa657594,0
Junior Amion,sa829459,0
Junior Arias,sa506265,0
Junior Boni,sa547988,0
Junior Payano,sa507712,0
Junior Sosa,sa504939,0
Junior Soto,sa829108,0
Junior Valera,sa606880,0
Junnell Ledezma,sa735849,0
Justin Atkinson,sa599300,0
Justin Bass,sa392127,0
Justin Baum,sa388958,0
Justin Bloxom,sa501606,0
Justin Bohn,sa737835,0
Justin Byler,sa326259,0
Justin Chigbogu,sa657993,0
Justin Dalles,sa327844,0
Justin Ellison,sa875581,0
Justin Frash,sa389736,0
Justin Gominsky,sa547010,0
Justin Greene,sa455434,0
Justin Henry,sa390269,0
Justin Higley,sa738305,0
Justin Hilt,sa503371,0
Justin Howard,sa549676,0
Justin Jackson,sa389926,0
Justin Jacobs,sa3004729,0
Justin Jirschele,sa579325,0
Justin Justice,sa253952,0
Justin Maffei,sa738359,0
Justin McClanahan,sa454918,0
Justin Miller,sa549344,0
Justin O'Conner,sa548314,0
Justin Parker,sa454617,0
Justin Reed,sa326703,0
Justin Reynolds,sa392853,0
Justin Ringo,sa738411,0
Justin Seager,sa737926,0
Justin Sellers,4006,0
Justin Snyder,sa389220,0
Justin Trapp,sa503022,0
Justino Cuevas,sa503847,0
K.C. Herren,sa254241,0
K.C. Hobson,sa501541,0
K.J. Woods,sa737777,0
KC Serna,sa598479,0
KD Kang,sa327822,0
Ka'ai Tom,18136,0
Kade Keowen,sa390633,0
Kade Scivicque,sa875053,0
Kai Gronauer,sa456436,0
Kala Ka'aihue,sa244055,0
Kale Kiser,sa546869,0
Kaleb Cowart,11494,0
Kalian Sams,sa381343,0
Kameron Esthay,sa915811,0
Karexon Sanchez,sa392360,0
Karl Bolt,sa389251,0
Kawika Emsley-Pai,sa548473,0
Keanon Simon,sa388988,0
Keenyn Walker,sa501943,0
Keibert Petit,sa873312,0
Keith Curcio,sa829045,0
Kel Jones,sa328291,0
Kelby Tomlinson,13005,0
Kellen Kulbacki,sa389185,0
Kellen Sweeney,sa548265,0
Kellin Deglan,sa548189,0
Kelly Dugan,sa500838,0
Kelson Brown,sa549293,0
Kelvin Beltre,sa827969,0
Kelvin Castro,sa392421,0
Kelvin De Leon,sa503247,0
Kelvin Duran,sa505519,0
Kelvin Fajardo,sa737563,0
Kelvin Ortiz,sa506783,0
Kelvin Ramos,sa829338,0
Kelvin Rojas,sa506013,0
Kendall Coleman,sa737944,0
Kendrick Perkins,sa548348,0
Kendy Moya,sa917443,0
Kenneth Williams,sa454712,0
Kenny Diekroeger,sa500843,0
Kenny Hart,sa504760,0
Kenny Hernandez,sa872522,0
Kenny Peoples-Walls,sa597960,0
Kenny Wilson,sa454437,0
Kennys Vargas,12101,0
Kent Gerst,sa327053,0
Kent Matthes,sa501246,0
Kent Sakamoto,sa327121,0
Kent Walton,sa502153,0
Kentrail Davis,sa390671,0
Kentrell Dewitt,sa549171,0
Keon Barnum,sa657864,0
Keoni Ruth,sa327162,0
Kerry Jenkins,sa598345,0
Kes Carter,sa597800,0
Keudy Bocio,sa917128,0
Keury De La Cruz,sa506223,0
Kevan Smith,12284,0
Kevin Ahrens,sa389281,0
Kevin Barrios,sa655905,0
Kevin Brown,sa708424,0
Kevin Clark,sa326760,0
Kevin Coddington,sa456348,0
Kevin Cornelius,sa602665,0
Kevin Cron,16211,0
Kevin David,sa503073,0
Kevin Dubler,sa454701,0
Kevin Encarnacion,sa551012,0
Kevin Franklin,sa737620,0
Kevin Garcia,sa829501,0
Kevin Hansen,sa456432,0
Kevin Heller,sa658970,0
Kevin Kaczmarski,18146,0
Kevin Keyes,sa392183,0
Kevin Kramer,17689,0
Kevin Krause,sa827200,0
Kevin Mahala,sa918506,0
Kevin Mahoney,sa502179,0
Kevin Markham,sa3004374,0
Kevin Mattison,6635,0
Kevin Medrano,sa577957,0
Kevin Moesquit,sa549289,0
Kevin Mort,sa549549,0
Kevin Nolan,sa502042,0
Kevin Patterson,sa392161,0
Kevin Plawecki,13807,0
Kevin Ramos,sa456429,0
Kevin Rivera,sa829322,0
Kevin Rivers,sa510347,0
Kevin Russo,3630,0
Kevin Soto,sa455875,0
Kevin Taylor,sa599801,0
Kevyn Feiner,sa294419,0
Keyder Aristigueta,sa827213,0
Kiel Roling,sa454751,0
Kieron Pope,sa294373,0
Kila Ka'aihue,4707,0
Kipp Schutz,sa328269,0
Kirk Singer,sa577695,0
Kleiber Rodriguez,sa917072,0
Kleininger Teran,sa455727,0
Koby Clemens,sa294917,0
Kodie Tidwell,sa875821,0
Kody Eaves,sa658290,0
Kody Hinze,sa455593,0
Kody Kaiser,sa327774,0
Kolbrin Vitek,sa548187,0
Konrad Schmidt,7178,0
Kort Peterson,sa874104,0
Kraig Binick,sa392192,0
Kris Harvey,sa293563,0
Kris Watts,sa327874,0
Kristian Brito,sa658163,0
Kristian Trompiz,sa737029,0
Kristopher Negron,5306,0
Kungkuan Giljegiljaw,sa830277,0
Kuo Hui Lo,sa328442,0
Kurt Hoekstra,sa875296,0
Kurt Mertins,sa327723,0
Kurtis Muller,sa546782,0
Kyle Barrett,sa858028,0
Kyle Bellows,sa501266,0
Kyle Colligan,sa501676,0
Kyle Davis,sa915734,0
Kyle Day,sa392101,0
Kyle Gaedele,sa579865,0
Kyle Garlick,18063,0
Kyle Greene,sa455037,0
Kyle Higashioka,5517,0
Kyle Holder,sa857840,0
Kyle Hudson,3658,0
Kyle Jensen,7706,0
Kyle Johnson,sa658623,0
Kyle Knudson,sa546859,0
Kyle Kubitza,12148,0
Kyle Martin,sa389873,0
Kyle Miller,sa389826,0
Kyle Morgan,sa454702,0
Kyle Nowlin,sa876028,0
Kyle Orr,sa326702,0
Kyle Overstreet,sa827140,0
Kyle Parker,11763,0
Kyle Peter,sa390687,0
Kyle Petty,sa738266,0
Kyle Phillips,4740,0
Kyle Reynolds,sa294506,0
Kyle Roller,sa503716,0
Kyle Rose,sa501561,0
Kyle Russell,sa454496,0
Kyle Shelton,sa458768,0
Kyle Skipworth,5298,0
Kyle Smith,sa501718,0
Kyle Spraker,sa503047,0
Kyle Von Tungeln,sa577892,0
Kyle Waldrop,11402,0
Kyle Watson,sa915803,0
Kyle Wren,sa621577,0
Kyler Burke,sa326508,0
Kyrell Hudson,sa501256,0
L.B. Dantzler,sa738895,0
L.J. Hoes,6656,0
L.J. Mazzilli,sa577753,0
L.V. Ware,sa455600,0
LaMonte Wade Jr.,18126,0
Lana Akau,sa738553,0
Lance Durham,sa501737,0
Lance Ray,sa546832,0
Lance Zawadzki,2369,0
Landon Lassiter,sa658299,0
Lane Adams,10767,0
Larry Cobb,sa328116,0
Larry Gonzalez,sa504756,0
Larry Greene,sa597759,0
Larry Infante,sa288469,0
Lars Anderson,9018,0
Lars Davis,sa390233,0
LeDarious Clark,sa875568,0
LeVon Washington,sa500743,0
Leandro Castro,sa455746,0
Leandro Santana,sa828255,0
Lee Haydel,sa328074,0
Lee Orr,sa550115,0
Leighton Pangilinan,sa503391,0
Leivi Ventura,sa295209,0
Leo Castillo,sa547916,0
Leo Hernandez,sa506140,0
Leo Rodriguez,sa550613,0
Leobaldo Pina,sa596837,0
Leon Canelon,sa596987,0
Leon Landry,sa526198,0
Leonard Davis,sa253271,0
Leonardo Ferrini,sa506157,0
Leonardo Gil,sa392778,0
Leonardo Reginatto,sa504970,0
Leonardo Reyes,sa212115,0
Leonel De Los Santos,sa397322,0
Leopoldo Correa,sa504990,0
Leudy Molina,sa659349,0
Leudys Baez,sa877609,0
Leury Bonilla,sa293541,0
Levi Carolus,sa396250,0
Levi Hyams,sa578168,0
Levi Michael,sa526207,0
Lewis Urena,sa506220,0
Logan Hill,sa875822,0
Logan Johnson,sa390300,0
Logan Moon,sa829029,0
Logan Moore,sa598265,0
Logan Parker,sa327659,0
Logan Ratledge,sa827169,0
Logan Taylor,sa857838,0
Logan Vick,sa579780,0
Logan Wade,sa659188,0
Logan Watkins,4875,0
Lou Marson,7610,0
Louie Lechich,sa550153,0
Louis Ott,sa291808,0
Lucas Herbert,sa874793,0
Lucas Herbst,sa546989,0
Lucas LeBlanc,sa549082,0
Lucas May,5633,0
Lucas Montero,sa328584,0
Lucas Tancas,sa3004290,0
Luigi Rodriguez,sa547914,0
Luis Alberto Sanz,sa505065,0
Luis Alfonso Cruz,3188,0
Luis Alvarez,sa503151,0
Luis Ayala,sa826649,0
Luis Bandes,sa736862,0
Luis Barahona,sa597225,0
Luis Benitez,sa688600,0
Luis Bernardo,sa396248,0
Luis Brito,sa3001688,0
Luis Caballero,sa551374,0
Luis Carlos Diaz,sa3003249,0
Luis Chaves,sa737257,0
Luis Cortez,sa505040,0
Luis Crisostomo,sa740608,0
Luis Cruz,sa597025,0
Luis De La Rosa,sa505292,0
Luis Domoromo,sa507248,0
Luis Exposito,4398,0
Luis Guzman,sa739608,0
Luis Hernandez,3206,0
Luis Hidalgo,sa826653,0
Luis Jean,sa657310,0
Luis Jimenez,6341,0
Luis Laurencio,sa917009,0
Luis Marte,14515,0
Luis Mateo,sa455015,0
Luis Matias,sa506335,0
Luis Mejia,sa873192,0
Luis Mendoza,sa826647,0
Luis Montero,sa740607,0
Luis Nieves,sa455740,0
Luis Nunez,sa295125,0
Luis Ortega,sa597039,0
Luis Ortiz,sa506824,0
Luis Osorio,sa506023,0
Luis Palacios,sa456012,0
Luis Parache,sa505527,0
Luis Payano,sa737026,0
Luis Paz,sa737068,0
Luis Pimentel,sa506569,0
Luis Pintor,sa918456,0
Luis Piterson,sa502815,0
Luis Polanco,sa503466,0
Luis Ramirez,sa455971,0
Luis Reynoso,sa657525,0
Luis Rivera,sa293191,0
Luis Salas,sa454333,0
Luis Sardinas,13153,0
Luis Sierra,sa450821,0
Luis Silverio,sa876098,0
Luis Sumoza,sa328488,0
Luis Tejada,sa548053,0
Luis Terrero,sa736993,0
Luis Torrealba,sa826665,0
Luis Ubiera,sa828340,0
Luis Unda,sa504864,0
Luis Valenzuela,sa658081,0
Luis Vasquez,sa507000,0
Luis Veras,sa740961,0
Luis Villegas,sa547944,0
Luke Anders,sa454737,0
Luke Bailey,sa501447,0
Luke Burch,sa3003950,0
Luke Dykstra,sa829151,0
Luke Gorsett,sa326860,0
Luke Lowery,sa857722,0
Luke Maile,13355,0
Luke Montz,6601,0
Luke Murton,sa502058,0
Luke Tendler,sa829644,0
M.P. Cokinos,sa658820,0
Mac James,sa829039,0
Mac Williamson,14158,0
Maikel Pineda,sa917332,0
Maiker Feliz,sa828240,0
Maikis De La Cruz,sa596985,0
Maiko Loyola,sa254624,0
Maikol Gonzalez,sa462938,0
Mailon Arroyo,sa872457,0
Malcolm Holland,sa599515,0
Malik Collymore,sa737908,0
Malique Ziegler,sa918507,0
Manny Hernandez,sa547987,0
Manny Jefferson,sa918282,0
Manny Mayorson,sa199056,0
Manny Olloque,sa829222,0
Manny Sanchez,sa736932,0
Manuel Arambarris,sa295621,0
Manuel Falcon,sa506117,0
Manuel Ferrer,sa323904,0
Manuel Guzman,sa739471,0
Manuel Hilario,sa596988,0
Manuel Joseph,sa657562,0
Manuel Molina,sa3001476,0
Manuel Nuno,sa507240,0
Manuel Rodriguez,sa254500,0
Manuel Vizcaino,sa736748,0
Marc Krauss,7577,0
Marc Maddox,sa327057,0
Marc Wik,sa599184,0
Marco Guzman,sa657485,0
Marcos Almonte,sa828122,0
Marcos Cabral,sa244103,0
Marcos Derkes,sa659451,0
Marcos Martinez,sa3001637,0
Marcos Vechionacci,sa248180,0
Marcus Davis,sa388979,0
Marcus Greene Jr.,sa659282,0
Marcus Knecht,sa455466,0
Marcus Lemon,sa326707,0
Marcus Littlewood,sa548261,0
Marcus Mooney,sa918184,0
Mario Gonzalez,sa505290,0
Mario Lisson,sa202240,0
Mario Martinez,sa392881,0
Mario Mercedes,sa293187,0
Mario Sanjur,sa735840,0
Mario Yepez,sa502546,0
Mark Dolenc,sa327853,0
Mark Donato,sa658673,0
Mark Fleisher,sa292363,0
Mark Fleury,sa501230,0
Mark Gildea,sa389689,0
Mark Haddow,sa598782,0
Mark Hallberg,sa389690,0
Mark Hamilton,9334,0
Mark Laird,sa827130,0
Mark Malave,sa657427,0
Mark Ori,sa291745,0
Mark Payton,16042,0
Mark Reed,sa262553,0
Mark Shannon,sa738337,0
Mark Shorey,sa327078,0
Mark Sobolewski,sa328117,0
Mark Thomas,sa328150,0
Mark Thompson,sa388400,0
Mark Threlkeld,sa579643,0
Mark Tracy,sa503820,0
Mark Wagner,sa294138,0
Mark Zagunis,16565,0
Markus Brisker,sa454740,0
Marlon Sucre,sa506931,0
Marquez Smith,sa388379,0
Marquise Cooper,sa503011,0
Marten Gasparini,sa830181,0
Martin Cervenka,sa492636,0
Martin Medina,sa599196,0
Martin Peguero,sa598824,0
Martin Serrata,sa507119,0
Marty Gantt,sa658103,0
Marty Herum,sa745229,0
Marvin Lowrance,sa253270,0
Mason Davis,sa829296,0
Mason Katz,sa621660,0
Mason Robbins,sa599191,0
Mason Smith,sa737781,0
Mason Williams,11859,0
Mat Gamel,4034,0
Matt Angle,8136,0
Matt Antonelli,9343,0
Matt Arburr,sa389292,0
Matt Beaty,17710,0
Matt Berezay,sa327793,0
Matt Bouchard,sa389217,0
Matt Camp,sa327674,0
Matt Cavagnaro,sa388822,0
Matt Cerda,sa454530,0
Matt Clark,8793,0
Matt Cline,sa389728,0
Matt Curry,sa549213,0
Matt Cusick,sa389746,0
Matt Dean,sa599049,0
Matt Downs,957,0
Matt Fiedler,sa915642,0
Matt Fields,sa289014,0
Matt Gedman,sa526187,0
Matt Hague,7772,0
Matt Helm,sa501513,0
Matt Jones,sa829383,0
Matt Juengel,sa658579,0
Matt Kennelly,sa390294,0
Matt Koch,sa526326,0
Matt Lawson,sa388392,0
Matt Lipka,sa548175,0
Matt Liuzza,sa328072,0
Matt Long,sa454873,0
Matt Mangini,8051,0
Matt Matulia,sa328225,0
Matt McBride,9373,0
Matt McPhearson,sa737783,0
Matt Miller,sa253307,0
Matt Morgan,sa828869,0
Matt Moses,sa244353,0
Matt Newman,sa577013,0
Matt Nuzzo,sa502172,0
Matt Oberste,sa737845,0
Matt Ray,sa389786,0
Matt Repec,sa327137,0
Matt Reynolds,13788,0
Matt Rice,sa550398,0
Matt Rizzotti,sa389429,0
Matt Rose,sa658586,0
Matt Sheely,sa326113,0
Matt Skole,12119,0
Matt Smith,sa389875,0
Matt Spring,sa253802,0
Matt Szczur,11255,0
Matt Tellor,sa829180,0
Matt Tuiasosopo,8272,0
Matt Wallach,sa389937,0
Matt Weaver,sa501548,0
Matt Wessinger,sa602385,0
Matt West,7980,0
Matt Williams,sa577691,0
Matt Winn,sa858059,0
Matthew Brown,6384,0
Matthew Cerione,sa501684,0
Matthew Crawford,sa455345,0
Matthew Hall,sa454883,0
Matthew Lane,sa327149,0
Matthew Oxendine,sa327831,0
Matthew Page,sa829167,0
Matthew Spencer,sa390327,0
Matthew Sulentic,sa326687,0
Matthew Sweeney,sa327050,0
Matthew Whitney,sa201513,0
Matthew den Dekker,11385,0
Mauricio Nagahashi,sa504982,0
Mauricio Pimentel,sa456350,0
Mauricio Ramos,sa597006,0
Maurizo Buda,sa507099,0
Mauro Gomez,5342,0
Max George,sa829010,0
Max Kuhn,sa599290,0
Max McDowell,sa875626,0
Max Moroff,14556,0
Max Murphy,sa827182,0
Max Pentecost,sa601924,0
Max Ramirez,5039,0
Max Walla,sa500834,0
Max White,sa657952,0
Maximo Mendez,sa392884,0
Maximo Rivera,sa547738,0
Maxwell Leon,sa326041,0
Maxwell Morales,sa917279,0
Maxwell Sapp,sa326486,0
Maxx Tissenbaum,sa503525,0
Mayo Acosta,sa392849,0
Mel Rojas Jr.,sa548194,0
Melky Mesa,447,0
Melvin Aquino,sa550609,0
Melvin Jimenez,sa872557,0
Melvin Mercedes,sa658283,0
Melvin Santana,sa596978,0
Mesac Laguna,sa547838,0
Micah Gibbs,sa526442,0
Micah Johnson,13809,0
Micah Schnurstein,sa201545,0
Michael Affronti,sa328010,0
Michael Almanzar,sa455994,0
Michael Antonio,sa548196,0
Michael Barash,sa918163,0
Michael Benjamin,sa550265,0
Michael Bernal,sa918667,0
Michael Bertram,sa326953,0
Michael Bolaski,sa549616,0
Michael Brenly,sa455866,0
Michael Burgess,sa389928,0
Michael Choice,11376,0
Michael Collins,sa201125,0
Michael Crouse,sa454895,0
Michael Cruz,sa918049,0
Michael De La Cruz,sa736830,0
Michael DeJesus,sa292377,0
Michael Diaz,sa454692,0
Michael Durant,sa294377,0
Michael Earley,sa549597,0
Michael Fisher,sa388384,0
Michael Flacco,sa502713,0
Michael Fransoso,sa709000,0
Michael Garza,sa621584,0
Michael Griffin,sa294650,0
Michael Guerrero,sa454916,0
Michael Harrington,sa454602,0
Michael Johnson,sa599345,0
Michael Jones,sa288768,0
Michael Katz,sa829161,0
Michael Lang,sa526329,0
Michael Main,sa389900,0
Michael Marseco,sa454869,0
Michael Massaro,sa291822,0
Michael McCormick,sa291412,0
Michael McKennon,sa328245,0
Michael McKenry,9628,0
Michael Medina,sa596864,0
Michael Mee,sa389419,0
Michael Mitchell,sa389918,0
Michael Mooney,sa502114,0
Michael Mosby,sa549119,0
Michael O'Neill,sa550175,0
Michael Ortiz,sa389190,0
Michael Osinski,sa3004298,0
Michael Pasek,sa390461,0
Michael Perez,12977,0
Michael Pericht,sa501923,0
Michael Pierson,sa875309,0
Michael Pritchard,sa830215,0
Michael Quesada,sa549786,0
Michael Ratterree,sa503586,0
Michael Richard,sa389785,0
Michael Rockett,sa501710,0
Michael Rooney,sa549312,0
Michael Ross,sa392855,0
Michael Russell,sa827159,0
Michael Sheridan,sa454543,0
Michael Snyder,sa658566,0
Michael Soto,sa506042,0
Michael Strentz,sa830497,0
Michael Suchy,sa829367,0
Michael Suiter,sa602402,0
Michael Swinson,sa455197,0
Michael Taylor,2591,0
Michael Vass,sa454880,0
Michael Wing,sa392185,0
Mickey Hall,sa244363,0
Mickey Wiswall,sa526505,0
Miguel Abreu,sa293711,0
Miguel Alvarez,sa503849,0
Miguel Arrendell,sa503458,0
Miguel Brito,sa546569,0
Miguel De La Cruz,sa918025,0
Miguel De Leon,sa506299,0
Miguel Del Castillo,sa507265,0
Miguel Dilone,sa597082,0
Miguel Eladio,sa828210,0
Miguel Fermin,sa455615,0
Miguel Flames,sa872566,0
Miguel Gomez,17075,0
Miguel Gonzalez,4049,0
Miguel Leal,sa548641,0
Miguel Marte,sa506011,0
Miguel Mendez,sa455752,0
Miguel Mercedes,sa736689,0
Miguel Mojica,sa597236,0
Miguel Moreno,sa3001697,0
Miguel Negron,sa199057,0
Miguel Pichardo,sa657412,0
Miguel Rico,sa657289,0
Miguel Velazquez,sa328071,0
Mike Ahmed,sa705802,0
Mike Baxter,4464,0
Mike Bell,sa290370,0
Mike Bianucci,sa389801,0
Mike Blanke,sa549125,0
Mike Brosseau,19683,0
Mike Brownstein,sa501747,0
Mike Costanzo,3533,0
Mike Daniel,sa291515,0
Mike Dowd,sa578097,0
Mike Fish,sa738617,0
Mike Folli,sa388937,0
Mike Ford,15585,0
Mike Freeman,11241,0
Mike Gerber,16115,0
Mike Gilmartin,sa502326,0
Mike Gonzales,sa455046,0
Mike Gosse,sa455335,0
Mike Grace,sa327815,0
Mike Hill,sa829474,0
Mike Kvasnicka,sa546839,0
Mike Lissman,sa394385,0
Mike Loberg,sa392052,0
Mike Marjama,12594,0
Mike McBryde,sa326737,0
Mike McDade,sa389194,0
Mike McGee,sa550138,0
Mike McQuillan,sa658928,0
Mike Meyers,sa658197,0
Mike Miller,13891,0
Mike Mooney,sa225828,0
Mike O'Neill,sa546800,0
Mike Ohlman,10347,0
Mike Olt,10698,0
Mike Papi,sa599318,0
Mike Paulk,sa291803,0
Mike Planeta,sa502319,0
Mike Reeves,sa503425,0
Mike Spina,sa501624,0
Mike Tauchman,15274,0
Mike Walker,sa549126,0
Mike Zuanich,sa454907,0
Mikell Granberry,sa828487,0
Mikeson Oliberto,sa551380,0
Mikey White,sa658966,0
Miles Head,sa502921,0
Milton Ramos,sa828792,0
Misael Tavarez,sa455633,0
Mitch Abeita,sa455009,0
Mitch Canham,sa389920,0
Mitch Delfino,sa579278,0
Mitch Einertson,sa254352,0
Mitch Hilligoss,sa326805,0
Mitch Meyer,sa829123,0
Mitch Nay,sa657873,0
Mitch Piatnik,sa875194,0
Mitch Walding,13006,0
Mitchell Dening,sa392404,0
Mitchell Gunsolus,sa827150,0
Mitchell Hansen,sa874799,0
Mitchell Kranson,sa918156,0
Mitchell Tolman,sa858829,0
Mitchl LeVier,sa454850,0
Moises Bello,sa833333,0
Moises Charles,sa3001541,0
Moises Ciriaco,sa503230,0
Moises Grance,sa505260,0
Moises Perez,sa828179,0
Moises Sierra,6050,0
Montrell Marshall,sa829051,0
Mott Hyde,sa621678,0
Murray Watts,sa526570,0
Mycal Jones,sa501228,0
Mychal Givens,10430,0
Mylz Jones,sa875606,0
Myrio Richard,sa501560,0
Nahum Hernandez,sa504969,0
Narciso Mesa,sa548036,0
Nash Knight,sa876814,0
Natanael Delgado,sa739558,0
Nate Easley,sa919164,0
Nate Freiman,6582,0
Nate Hanson,sa455200,0
Nate Orf,15407,0
Nate Recknagel,sa454575,0
Nate Roberts,sa548432,0
Nate Samson,sa331346,0
Nate Spears,6026,0
Nate Sutton,sa254157,0
Nate Tenbrink,sa454946,0
Nathan Melendres,sa546710,0
Nathan Mikolas,sa657972,0
Nathan Winfrey,sa829583,0
Nathanael Javier,sa736642,0
Neftali Soto,5663,0
Neil Medchill,sa501652,0
Neil Walton,sa292715,0
Neil Wilson,sa202391,0
Nelfi Zapata,sa502056,0
Nellie Rodriguez,sa658264,0
Nelson B Alvarez,sa873204,0
Nelson Molina,sa737886,0
Nelson Perez,sa392846,0
Nelson Pierre,sa3001482,0
Nelson Ward,sa829034,0
Nestor Castillo,sa455733,0
Nestor Moreno,sa504821,0
Nevin Ashley,3274,0
Nic Cuckovich,sa598309,0
Nic Pierre,sa827977,0
Nicholas Giarraputo,sa327709,0
Nicholas Moresi,sa326688,0
Nicholas Romero,sa454579,0
Nicholas Schwaner,sa503411,0
Nicholas Torres,sa828872,0
Nick Akins,sa327729,0
Nick Arata,sa454865,0
Nick Baligod,sa546673,0
Nick Bartolone,sa548324,0
Nick Basto,sa657998,0
Nick Benedetto,sa546507,0
Nick Buckner,sa738891,0
Nick Buss,6835,0
Nick Ciolli,sa501654,0
Nick Derba,sa389430,0
Nick Dini,18206,0
Nick Evans,7595,0
Nick Francis,sa327819,0
Nick Haley,sa388360,0
Nick Heath,19577,0
Nick Liles,sa328424,0
Nick Longmire,sa546653,0
Nick Lovullo,sa659264,0
Nick Martini,12005,0
Nick Moore,sa599326,0
Nick Noonan,6880,0
Nick Ramirez,12575,0
Nick Rickles,sa546837,0
Nick Santomauro,sa501655,0
Nick Schulz,sa829877,0
Nick Shaw,sa549641,0
Nick Sinay,sa875335,0
Nick Tanielu,sa829082,0
Nick Thompson,sa829150,0
Nick Thurman,sa919821,0
Nick Urbanus,sa582793,0
Nick Van Stratten,sa327092,0
Nick Vickerson,sa598342,0
Nick Weglarz,sa294342,0
Niko Gallego,sa526813,0
Niko Vasquez,sa454460,0
Nino Leyja,sa455298,0
Niuman Romero,5063,0
Noah Perio,sa513056,0
Noe Berroa,sa547983,0
Noel Cuevas,11894,0
Nolan Earley,sa738292,0
Nolan Fontana,13267,0
O'Koyea Dickson,12677,0
Offerman Collado,sa745014,0
Ofilio Castro,sa244234,0
Ogui Diaz,sa328438,0
Oliver Carmona,sa919316,0
Oliver Dominguez,sa503884,0
Oliver Marmol,sa389260,0
Oliver Nunez,sa828147,0
Oliver Ortiz,sa743087,0
Oliver Pascual,sa507096,0
Oliver Zapata,sa547897,0
Ollie Linton,sa455265,0
Olvy Marte,sa658689,0
Omar Casamayor,sa455973,0
Omar Garcia,sa737858,0
Omar Luna,sa392852,0
Omar Obregon,sa657232,0
Ordomar Valdez,sa596905,0
Orian Nunez,sa917306,0
Orlando Calixte,11905,0
Orlando Mercado,sa244288,0
Orlando Rosales,sa327130,0
Orlando Sandoval,sa392986,0
Orvin Tovar,sa596235,0
Oscar Figueroa,sa503261,0
Oscar Hernandez,13490,0
Oscar Rojas,sa735873,0
Oscar Taveras,11173,0
Oscar Tejeda,sa392406,0
Osvaldo Abreu,sa657398,0
Osvaldo Martinez,3900,0
Osvaldo Morales,sa396228,0
Osvaldo Santilien,sa917312,0
Oswald Caraballo,sa597213,0
Oswaldo Garcia,sa736757,0
Oswaldo Navarro,3868,0
Oswill Lartiguez,sa548047,0
Ozzie Chavez,sa200296,0
Ozzie Lewis,sa389668,0
P.J. Phillips,sa291247,0
Pablo Garcia,sa828309,0
Pablo Reyes,16357,0
Parker Berberet,sa546748,0
Parker Morin,sa658263,0
Pat Blair,sa620945,0
Pat Cantwell,sa602546,0
Pat Kelly,sa827129,0
Pat Leyland,sa548548,0
Pat Porter,sa875624,0
Pat Stover,sa501954,0
Pat Valaika,14885,0
Patrick Biondi,sa503056,0
Patrick Kivlehan,13910,0
Patrick Leonard,sa597839,0
Patrick Mazeika,18142,0
Patrick Norris,sa388981,0
Patrick Palmeiro,sa455450,0
Paul Gran,sa454768,0
Paul Hendrix,sa658907,0
Paul Hoenecke,sa546964,0
Paul Hoilman,sa598336,0
Pedro Baez,5420,0
Pedro Chavez,sa3001518,0
Pedro Chourio,sa3001667,0
Pedro Ciriaco,5278,0
Pedro Flores,sa736909,0
Pedro Guerrero,sa455728,0
Pedro Hurtado,sa3005517,0
Pedro Lopez,3207,0
Pedro Mendoza,sa506823,0
Pedro Miranda,sa598142,0
Pedro Perez,sa597323,0
Pedro Powell,sa225842,0
Pedro Rondon,sa547831,0
Pedro Ruiz,sa548055,0
Pedro Tavarez,sa502597,0
Pedro Toribio,sa505249,0
Pedro Urena,sa737323,0
Pedro Zapata,sa455618,0
Peter Ciofrone,sa202378,0
Peter Clifford,sa390704,0
Peter Fatse,sa502200,0
Peter Hissey,sa454542,0
Peter Lavin,sa598644,0
Peter Maris,sa877608,0
Peter Mooney,sa503239,0
Peter O'Brien,13288,0
Peter Van Gansen,sa875579,0
Peterson Plaz,sa918114,0
Petey Paramore,sa454459,0
Phil Pohl,sa526886,0
Philip Wunderlich,sa549099,0
Phillip Britton,sa288764,0
Phillip Ervin,14738,0
Phillip Evans,12950,0
Phillips Castillo,sa598825,0
Pierre LePage,sa526176,0
Pin-Chieh Chen,sa549901,0
Pratt Maynard,sa577962,0
Preston Beck,sa621361,0
Preston Mattingly,sa326504,0
Preston Scott,sa918805,0
Qualon Millender,sa549867,0
Quentin Davis,sa291788,0
Quincy Latimore,sa389676,0
Quincy Nieporte,sa3004819,0
Quinn Stewart,sa326465,0
Quinten Davis,sa658516,0
R.J. Dennard,sa876336,0
Radames Nazario,sa291163,0
Rafael Bautista,15769,0
Rafael De La Cruz,sa507274,0
Rafael Fernandez,sa401991,0
Rafael Medina,sa547779,0
Rafael Mejia,sa872517,0
Rafael Oliveras,sa738642,0
Rafael P Valera,sa657593,0
Rafael Rodriguez,sa458870,0
Rafael Valdez,sa873202,0
Rafael Valenzuela,sa328241,0
Rafael Vera,sa455953,0
Rafael Ynoa,2832,0
Raffy Ozuna,sa917133,0
Raider Brito,sa917105,0
Rainel Rosario,sa396238,0
Rainis Silva,sa736892,0
Raiwinson Lameda,sa736920,0
Ralph Henriquez,sa290179,0
Ramfis Berroa,sa872853,0
Ramiro Pena,8841,0
Ramon Cabrera,10327,0
Ramon Castillo,sa455603,0
Ramon Coronel,sa504762,0
Ramon Flores,11165,0
Ramon Jean,sa455950,0
Ramon Morla,sa509509,0
Ramon Mota,sa3001698,0
Ramon Novas,sa455624,0
Ramon Santana,sa396254,0
Ramon Torres,14113,0
Ramon Urias,18795,0
Ramses Pena,sa547860,0
Ramy Perez,sa737250,0
Rand Smith,sa502037,0
Randel Alcantara,sa827975,0
Rando Moreno,sa597695,0
Randoll Santana,sa506905,0
Randolph Gassaway,sa738195,0
Randolph Oduber,sa503718,0
Randy Encarnacion,sa598754,0
Randy Ortiz,sa596975,0
Rangel Ravelo,10839,0
Ranyelmy Alberto,sa657139,0
Raoul Torrez,sa502769,0
Raph Rhymes,sa599518,0
Raphachel Colatosti,sa596942,0
Rashad Brown,sa658792,0
Rashad Crawford,sa658166,0
Rashun Dixon,sa455106,0
Rather Trujillo,sa507095,0
Raudy Read,15766,0
Rauel Acosta,sa736883,0
Raul Barron,sa328471,0
Raul Fortunato,sa507207,0
Raul Linares,sa505256,0
Raul Mondesi Jr.,sa551329,0
Raul Navarro,sa506772,0
Raul Padron,sa254453,0
Raul Reyes,sa328741,0
Raul Santana,sa657498,0
Raul Siri,sa828166,0
Raul Wallace,sa741552,0
Ravel Santana,sa505525,0
Rawley Bishop,sa502000,0
Ray Van Gurp,sa503682,0
Raymel Flores,sa657503,0
Raymer Lopez,sa505298,0
Raymond Kruml,sa454860,0
Raymundo Moreno,sa885129,0
Raynay Guerrero,sa657460,0
Rayner Contreras,sa322912,0
Raynolds Guzman,sa506709,0
Raywilly Gomez,sa503268,0
Rebel Ridling,sa454798,0
Reed Gamache,sa920299,0
Reed Gragnani,sa502340,0
Reed Harper,sa738433,0
Reegie Corona,sa254678,0
Reese Havens,sa454377,0
Reggie Golden,sa548258,0
Reggie Keen,sa549600,0
Reggie Lawson,sa598828,0
Reggie Williams,sa390431,0
Reginald Lampe,sa504777,0
Rehiner Cordova,sa597192,0
Reid Engel,sa294503,0
Reid Fronk,sa390364,0
Reinaldo Ugueto,sa872483,0
Reiny Beltre,sa833000,0
Renae Martinez,sa3004255,0
Rene Garcia,sa454693,0
Rene Leveret,sa392997,0
Rene Tosoni,7099,0
Renny Osuna,sa330039,0
Renzo Martini,sa597121,0
Renzo Tello,sa455595,0
Rey Fuentes,10329,0
Rey Navarro,6008,0
Reydel Medina,sa830291,0
Reymond Nunez,sa505516,0
Reynaldo Rodriguez,sa329131,0
Rhett Wiseman,sa658608,0
Rhyne Hughes,9955,0
Riaan Spanjer-Furstenburg,sa501907,0
Rian Kiniry,sa390280,0
Ricardo Andujar,sa658092,0
Ricardo Bautista,sa738574,0
Ricardo Cubillan,sa917089,0
Ricardo Ferreira,sa828126,0
Ricardo Marcano,sa657429,0
Riccio Torrez,sa526366,0
Rich Poythress,sa500800,0
Richard Barcenas,sa872556,0
Richard D Oleo,sa329206,0
Richard Jones,sa501607,0
Richard Lucas,sa389215,0
Richard Martinez,sa328579,0
Richard Pena,sa328743,0
Richard Racobaldo,sa503220,0
Richard Rodriguez,sa596966,0
Richie Fecteau,sa827319,0
Richie Robnett,sa262564,0
Richie Shaffer,13271,0
Rick Hague,sa548193,0
Ricky Eusebio,sa875678,0
Ricky Oropesa,sa526884,0
Rico Noel,10585,0
Rigoberto Rangel,sa504759,0
Rigoberto Terrazas,sa827958,0
Riley Palmer,sa829556,0
River Stevens,sa658130,0
Roan Salas,sa504968,0
Rob Brantly,10655,0
Rob Refsnyder,13770,0
Rob Segedin,11446,0
Robbie Garvey,sa549644,0
Robbie Hudson,sa295626,0
Robbie Perkins,sa739640,0
Robbie Shields,sa501250,0
Robbie Widlansky,sa389390,0
Robby Hefflinger,sa501502,0
Robby Price,sa547109,0
Robby Rinn,sa918595,0
Robedluis Fuentes,sa3001488,0
Robel Garcia,13167,0
Robelys Reyes,sa547780,0
Robert Anston,sa549360,0
Robert Bautista,sa502572,0
Robert De La Cruz,sa506303,0
Robert Del Rosario,sa596999,0
Robert Garcia,sa742871,0
Robert Jacobsen,sa328156,0
Robert Lara,sa455283,0
Robert Lyerly,sa501552,0
Robert Maddox,sa549382,0
Robert Martinez,sa658478,0
Robert Pehl,sa708213,0
Robert Perry,sa389727,0
Robert Ramirez,sa547903,0
Robert Rodriguez,sa455923,0
Robert Stock,6576,0
Robert Valido,sa244006,0
Robertico Medina,sa736912,0
Roberto Baldoquin,sa857538,0
Roberto Caro,sa657285,0
Roberto De La Cruz,sa503024,0
Roberto Duncan,sa548067,0
Roberto Lopez,sa454598,0
Roberto Ortiz,sa506764,0
Roberto Pena,sa548359,0
Roberto Reyes,sa506573,0
Roberto Rodriguez,sa455605,0
Roberto Velasquez,sa504782,0
Robi Estrada,sa328059,0
Robinson Medrano,sa736643,0
Robinson Torres,sa548643,0
Rochendrick Alexander,sa657597,0
Rock Shoulders,sa549485,0
Rockny Martinez,sa547985,0
Rod Boykin,sa738567,0
Roderick Bernadina,sa547986,0
Rodolfo Cardona,sa396247,0
Rodolfo Penalo,sa549228,0
Rodrigo Ayarza,sa657802,0
Rodrigo Vigil,sa547818,0
Roemon Fields,sa829879,0
Rogelio Noris,sa503032,0
Roger Kieschnick,5225,0
Roidany Aguila,sa502028,0
Rolando Gomez,sa455176,0
Roldani Baldwin,sa828313,0
Roman Collins,sa875081,0
Roman Pena,sa294705,0
Roman Quinn,13546,0
Rommel Cepeda,sa597046,0
Romulo Ruiz,sa396231,0
Romy Jimenez,sa506754,0
Ron Bourquin,sa326524,0
Ron Rivas,sa392358,0
Ronal Reynoso,sa872842,0
Ronald Bermudez,sa455626,0
Ronald Bueno,sa549192,0
Ronald Castillo,sa549224,0
Ronald Galindez,sa506262,0
Ronald Garth,sa293542,0
Ronald Luna,sa506532,0
Ronald Torrealba,sa3001601,0
Ronaldo Contreras,sa736948,0
Ronaldo Marrero,sa744254,0
Ronaldo Pulgar,sa917081,0
Ronarsy Ledesma,sa550605,0
Roney Alcala,sa657585,0
Ronnie Freeman,sa658013,0
Ronnie Gideon,sa738630,0
Ronnie Jebavy,sa875072,0
Ronnie Labrie,sa454606,0
Ronnie Mitchell,sa738900,0
Ronnie Richardson,sa501646,0
Ronnie Welty,sa455432,0
Ronniel Demorizi,sa657555,0
Ronnierd Garcia,sa546566,0
Ronny Gil,sa506568,0
Ronny Mejias,sa597052,0
Ronny Rodriguez,11875,0
Rony Cabrera,sa736836,0
Rony Peralta,sa503012,0
Rory Rhodes,sa503321,0
Ross Heffley,sa526314,0
Ross Kivett,sa737860,0
Ross Wilson,sa545418,0
Rossmel Perez,sa455612,0
Rowan Wick,14646,0
Roy Morales,sa829030,0
Royce Bolinger,sa658031,0
Royce Consigli,sa502684,0
Royel Astacio,sa597624,0
Ruben Contreras,sa503238,0
Ruben Sosa,sa599247,0
Rubi Silva,sa594139,0
Ruddy Giron,sa830284,0
Rudney Balentien,sa504861,0
Rudy Flores,sa621607,0
Rudy van Heydoorn,sa502614,0
Rusbel Farinez,sa547020,0
Russ Canzler,8265,0
Russell Dixon,sa389797,0
Russell Mitchell,5848,0
Ryan Adams,6343,0
Ryan Anetsberger,sa392066,0
Ryan Aper,sa737820,0
Ryan Barba,sa329490,0
Ryan Boldt,sa738262,0
Ryan Bottger,sa829028,0
Ryan Brett,12138,0
Ryan Casteel,sa549286,0
Ryan Cavan,sa501906,0
Ryan Cordell,15181,0
Ryan Court,12268,0
Ryan Cuneo,sa526258,0
Ryan Curry,sa389866,0
Ryan Dalton,sa621629,0
Ryan Dent,sa389941,0
Ryan Dunn,sa658350,0
Ryan Eigsti,sa389865,0
Ryan Fisher,sa549201,0
Ryan Garvey,sa600820,0
Ryan Gebhardt,sa738165,0
Ryan Goetz,sa598324,0
Ryan Hamme,sa502732,0
Ryan Harvey,sa244040,0
Ryan Hissey,sa857726,0
Ryan Howell,sa875706,0
Ryan Huck,sa738386,0
Ryan Jackson,6596,0
Ryan Jones,sa503333,0
Ryan Kalish,6962,0
Ryan Keedy,sa455327,0
Ryan Khoury,sa327720,0
Ryan LaMarre,10700,0
Ryan LaPensee,sa526548,0
Ryan Lavarnway,8879,0
Ryan Leonards,sa829252,0
Ryan Lipkin,sa503519,0
Ryan Lollis,6623,0
Ryan Lormand,sa455340,0
Ryan Mathews,sa658637,0
Ryan McBroom,16524,0
Ryan McCarvel,sa875799,0
Ryan Metzler,sa829159,0
Ryan Miller,sa738892,0
Ryan Mount,sa295152,0
Ryan Nagle,sa875864,0
Ryan O'Hearn,16442,0
Ryan Ortiz,sa501529,0
Ryan Peisel,sa455105,0
Ryan Pineda,sa526405,0
Ryan Rieger,sa546838,0
Ryan Ripken,sa658502,0
Ryan Roberson,sa294015,0
Ryan Rogowski,sa328470,0
Ryan Rohlinger,2621,0
Ryan Royster,sa253299,0
Ryan Rua,12409,0
Ryan Scoma,sa502601,0
Ryan Stovall,sa502017,0
Ryan Strausborger,10937,0
Ryan Strieby,sa326701,0
Ryan Walker,sa738172,0
Ryan Wheeler,9312,0
Ryan Wiegand,sa502194,0
Ryan Wright,sa577732,0
Ryde Rodriguez,sa455726,0
Ryder Jones,15982,0
Rylan Sandoval,sa392239,0
Rymer Liriano,4779,0
Ryne Birk,sa874211,0
Ryne White,sa454538,0
Saige Jenco,sa873629,0
Sal Giardina,sa829575,0
Salvador Sanchez,sa291439,0
Sam Haggerty,18054,0
Sam Honeck,sa501650,0
Sam McDonnell,sa876277,0
Sam Mende,sa577969,0
Sam Travis,16263,0
Samir Rijo,sa506702,0
Sammie Starr,sa549944,0
Sammy Diaz,sa506259,0
Samuel Crafort,sa548104,0
Samuel Hiciano,sa657469,0
Samuel Miranda,sa828316,0
Samuel Ortiz,sa506704,0
Samuel Sime,sa390694,0
Samuel Vasquez,sa456007,0
Sandber Pimentel,sa657209,0
Sandy Acevedo,sa547768,0
Sandy Brito,sa548074,0
Sandy Santos,sa737069,0
Santiago Chirino,sa505974,0
Santiago Nessy,sa547792,0
Santiago Rincon,sa826657,0
Santo De Leon,sa254653,0
Santos Heredia,sa3001675,0
Sawyer Carroll,sa390596,0
Scott Burcham,sa875782,0
Scott Campbell,sa327112,0
Scott Cousins,173,0
Scott Heineman,14453,0
Scott Krieger,sa502061,0
Scott Moore,4390,0
Scott Robinson,sa328459,0
Scott Savastano,sa389423,0
Scott Van Slyke,4365,0
Scott White,sa202762,0
Scott Wingo,sa598178,0
Sean Buckley,sa455548,0
Sean Coughlin,sa390594,0
Sean Coyle,sa548268,0
Sean Doolittle,1581,0
Sean Dwyer,sa549148,0
Sean Godfrey,sa829487,0
Sean Halton,9853,0
Sean Henry,sa254577,0
Sean Jamieson,sa598483,0
Sean Kazmar Jr.,7349,0
Sean McCraw,sa290210,0
Sean McMullen,sa827347,0
Sean Nicol,sa501900,0
Sean Ochinko,sa501639,0
Sean Ratliff,sa454533,0
Sean Rooney,sa327039,0
Sean Shoffit,sa290371,0
Sebastian Elizalde,sa544568,0
Sebastian Valle,sa455750,0
Seby Zavala,18887,0
Sergio Miranda,sa389414,0
Sergio Morales,sa327721,0
Sergio Pedroza,sa294295,0
Sergio Santos,4734,0
Seth Conner,sa550142,0
Seth Fortenberry,sa327179,0
Seth Harrison,sa829125,0
Seth Loman,sa326152,0
Seth Mejias-Brean,13905,0
Seth Spivey,sa829169,0
Shael Mendoza,sa917059,0
Shakir Albert,sa828423,0
Shamil Ubiera,sa657428,0
Shane Billings,sa918292,0
Shane Carrier,sa918107,0
Shane Hoelscher,sa829204,0
Shane Jordan,sa392060,0
Shane Keough,sa326099,0
Shane Mardirosian,sa829138,0
Shane Opitz,sa549070,0
Shane Peterson,7423,0
Shane Robinson,4249,0
Shannon Wilkerson,sa501599,0
Sharlon Schoop,sa293531,0
Shaun Cumberland,sa244024,0
Shaver Hansen,sa501494,0
Shawn Bowman,sa226157,0
Shawn Duinkerk,sa601944,0
Shawn Griffin,sa455410,0
Shawn O'Malley,9629,0
Shawn Payne,sa502425,0
Shawn Pleffner,sa599272,0
Shawn Roof,sa390686,0
Shawn Zarraga,sa456095,0
Shawon Dunston Jr.,sa598172,0
Shayne Houck,sa658687,0
Shayne Moody,sa454910,0
Shea Vucinich,sa526416,0
Shelby Ford,sa326554,0
Sherman Johnson,13906,0
Sherman Lacrus,sa658985,0
Shilo McCall,sa206496,0
Sicnarf Loopstok,sa737949,0
Silento Sayles,sa738898,0
Simeon Lucas,sa829142,0
Simon Vasquez,sa3001466,0
Skye Bolt,17723,0
Skyler Ewing,sa827317,0
Slade Heathcott,10336,0
Smelin Perez,sa294043,0
Smerling Lantigua,sa597104,0
Sneider Batista,sa504829,0
Socrates Brito,12944,0
Spencer Edwards,sa657967,0
Spencer Kieboom,13300,0
Spike McDougall,sa328190,0
Stanley Martinez,sa873540,0
Starlin Rodriguez,sa508116,0
Stefan Gartrell,sa326944,0
Stefan Sabol,sa549280,0
Stefan Trosclair,sa918442,0
Stefan Welch,sa392373,0
Stefen Romero,11746,0
Steffan Wilson,sa389772,0
Stephen Alemais,sa874070,0
Stephen Batts,sa502065,0
Stephen Bruno,sa502917,0
Stephen Chapman,sa254182,0
Stephen Englund,sa326544,0
Stephen Gaylor,sa842226,0
Stephen Head,sa294361,0
Stephen Hunt,sa392084,0
Stephen King,sa326680,0
Stephen McGee,sa737919,0
Stephen Parker,sa501459,0
Stephen Perez,sa501997,0
Stephen Smith,sa918189,0
Stephen Wickens,sa546622,0
Sterling Guzman,sa872469,0
Stetson Allie,sa548192,0
Steve Bean,sa657874,0
Steve Brown,sa328854,0
Steve Bumbry,sa501637,0
Steve Clevenger,9542,0
Steve Laurino,sa875830,0
Steve Mena,sa254422,0
Steve Moss,sa202653,0
Steve Rodriguez,sa598488,0
Steve Selsky,12957,0
Steve Singleton,sa327160,0
Steve Susdorf,8587,0
Steve Tolleson,4450,0
Steven Baron,9787,0
Steven Caseres,sa455047,0
Steven Duggar,17719,0
Steven Fuentes,sa655914,0
Steven Hill,8211,0
Steven Lerud,113,0
Steven Liddle,sa501762,0
Steven Linkous,sa918492,0
Steven Mateo,sa551247,0
Steven Moya,11854,0
Steven Murphy,sa292368,0
Steven Pallares,sa875274,0
Steven Proscia,sa577698,0
Steven Ramos,sa549577,0
Steven Tinoco,sa546887,0
Sthervin Matos,sa600897,0
Stryker Trahan,sa657920,0
Stuart Turner,15207,0
Sundrendy Windster,sa502603,0
T.J. Baxter,sa454931,0
T.J. Mittelstaedt,sa549912,0
T.J. Olesczuk,sa829847,0
T.J. Rivera,12495,0
T.J. Steele,sa454522,0
Taiwan Easterling,sa390606,0
Tanner English,sa599081,0
Tanner Mathis,sa658631,0
Tanner Rahier,sa657956,0
Tate Matheny,sa658567,0
Taylor Ard,sa550014,0
Taylor Brennan,sa549844,0
Taylor Dugas,sa577007,0
Taylor Featherston,12590,0
Taylor Green,9147,0
Taylor Grote,sa390629,0
Taylor Gushue,16098,0
Taylor Harbin,sa388380,0
Taylor Jones,19533,0
Taylor Krick,sa505580,0
Taylor Lewis,sa598037,0
Taylor Lindsey,sa548170,0
Taylor Motter,12399,0
Taylor Murphy,sa599536,0
Taylor Sparks,sa599278,0
Taylor Teagarden,5199,0
Taylor Ward,17548,0
Ted Obregon,sa455724,0
Telvin Nash,sa501240,0
Teodoro Martinez,sa505946,0
Terrance Gore,13658,0
Terrell Alliman,sa328324,0
Terrell Joyce,sa658180,0
Terrence Dayleg,sa502108,0
Terry McClure,sa737836,0
Terry Serrano,sa455927,0
Theo Bowe,sa455442,0
Thomas Collaro,sa202677,0
Thomas Coyle,sa578983,0
Thomas Hickman,sa326537,0
Thomas Lindauer,sa738251,0
Thomas Neal,9461,0
Thomas Spitz,sa876093,0
Tim Arakawa,sa875387,0
Tim Battle,sa244003,0
Tim Federowicz,8609,0
Tim Fedroff,sa454958,0
Tim Ferguson,sa526812,0
Tim Kennelly,sa293973,0
Tim Lopes,14137,0
Tim Morris,sa501609,0
Tim Roberson,sa546786,0
Tim Smalling,sa545109,0
Tim Smith,sa390330,0
Tim Torres,sa328090,0
Tim Wheeler,sa500746,0
Tito Polo,sa657705,0
Tobias Streich,sa392187,0
Toby Thomas,sa738704,0
Todd Cunningham,10822,0
Todd Davison,sa328066,0
Todd Glaesmann,sa501261,0
Todd Hankins,sa598325,0
Todd Johnson,sa327778,0
Tom Belza,sa526826,0
Tom King,sa327041,0
Tomas Telis,10067,0
Tommy Everidge,7596,0
Tommy Field,6262,0
Tommy Giles,sa326878,0
Tommy Manzella,3789,0
Tommy Medica,11147,0
Tommy Mendonca,sa500821,0
Tony Brown,sa328188,0
Tony Campana,4964,0
Tony Cruz,2802,0
Tony Delmonico,sa454730,0
Tony Granadillo,sa254517,0
Tony Mueller,sa546781,0
Tony Plagman,sa503690,0
Tony Renda,13443,0
Tony Sanchez,6178,0
Tony Thomas,sa389692,0
Tony Thompson,sa546717,0
Tonys Gutierrez,sa244174,0
Torre Langley,sa326679,0
Torsten Boss,sa621486,0
Trae Arbet,sa737823,0
Trae Santos,sa738161,0
Travious Relaford,sa602702,0
Travis Adair,sa455263,0
Travis Denker,6155,0
Travis Harrison,sa597772,0
Travis Ishikawa,4793,0
Travis Maezes,sa857704,0
Travis Mattair,sa389235,0
Travis Mitchell,sa327766,0
Travis Ozga,sa503315,0
Travis Scott,sa326418,0
Travis Taijeron,11935,0
Travis Whitmore,sa546623,0
Travis Witherspoon,sa501690,0
Trayce Thompson,9952,0
Trayvon Robinson,9875,0
Trent Giambrone,19250,0
Trent Gilbert,sa599526,0
Trent Mummey,sa526209,0
Trenton Kemp,sa829348,0
Trenton Moses,sa658787,0
Trever Adams,sa546549,0
Trevor Brown,13895,0
Trevor Coleman,sa501537,0
Trevor Gretzky,sa601043,0
Trevor Hairgrove,sa547088,0
Trevor Mitsui,sa599004,0
Trey Martin,sa599037,0
Trey Vavra,sa829620,0
Tripp Martin,sa829478,0
Troy Hanzawa,sa454580,0
Troy Montgomery,sa918108,0
Troy Sieber,sa918544,0
Troy Stein,sa827185,0
Tucker Neuhaus,sa737623,0
Tucker Tharp,sa829503,0
Tucker Tubbs,sa827145,0
Tuffy Gosewisch,5277,0
Tug Hulett,7451,0
Ty Kelly,7740,0
Ty Moore,sa658629,0
Ty Morrison,sa454513,0
Ty Ross,sa550296,0
Ty Washington,sa602679,0
Ty Wright,sa388992,0
Ty Young,sa737874,0
Tyler Alamo,sa738319,0
Tyler Austin,11850,0
Tyler Baker,sa602606,0
Tyler Bortnick,sa501942,0
Tyler Burnett,sa549272,0
Tyler Cannon,sa503364,0
Tyler Chism,sa598804,0
Tyler Filliben,sa829055,0
Tyler Goeddel,13180,0
Tyler Graham,6220,0
Tyler Grimes,sa597897,0
Tyler Hanover,sa526443,0
Tyler Heineman,13897,0
Tyler Henley,sa389904,0
Tyler Henson,sa326736,0
Tyler Hollick,sa658345,0
Tyler Holt,11391,0
Tyler Horan,sa709555,0
Tyler Johnson,sa254153,0
Tyler Kolodny,sa392074,0
Tyler Krieger,sa658994,0
Tyler Kuhn,sa455308,0
Tyler Ladendorf,3211,0
Tyler Marincov,sa550348,0
Tyler Marlette,sa597836,0
Tyler Massey,sa455277,0
Tyler Moore,7244,0
Tyler Neslony,sa918131,0
Tyler Ogle,sa578021,0
Tyler Palmer,sa829280,0
Tyler Pastornicky,6777,0
Tyler Rahmatulla,sa526887,0
Tyler Ratliff,sa3004156,0
Tyler Roberts,sa501663,0
Tyler Sanchez,sa875721,0
Tyler Shryock,sa738572,0
Tyler Smith,12490,0
Tyler Stubblefield,sa502774,0
Tyler Sullivan,sa875623,0
Tyler Tewell,sa658346,0
Tyler Townsend,sa501202,0
Tyler Weeden,sa327983,0
Tyler White,15564,0
Tyler Williams,sa503531,0
Tyreace House,sa454727,0
Tyson Auer,sa462418,0
Tyson Gillies,sa328244,0
Tyson Van Winkle,sa501626,0
Tzu-Wei Lin,14678,0
Ulises Montilla,sa549116,0
Ulysses Cantu,sa918089,0
Van Pope,sa254353,0
Varonex Cuevas,sa598144,0
Vaughn Bryan,sa738672,0
Vicente Conde,sa827330,0
Vicente Lupo,sa597034,0
Vicmal De La Cruz,sa597015,0
Victor Alfonso,sa920744,0
Victor Cadette,sa506526,0
Victor Castro,sa547820,0
Victor Cruzado,sa597033,0
Victor Estevez,sa392860,0
Victor Fernandez,sa828162,0
Victor Ferrante,sa327821,0
Victor Medina,sa657828,0
Victor Moscote,sa597198,0
Victor Padron,sa659905,0
Victor Rey,sa657325,0
Victor Roache,sa502154,0
Victor Sanchez,sa392165,0
Victor Santana,sa328603,0
Victor Soto,sa503842,0
Victor Tademo,sa917171,0
Vince Belnome,8126,0
Vince Jackson,sa658571,0
Vinnie Catricala,sa501575,0
Vinny Siena,sa827132,0
Viosergy Rosa,sa549558,0
Virgil Hill,sa392208,0
Vismeldy Bieneme,sa506661,0
Vladimir De Los Santos,sa455747,0
Vladimir Frias,sa455557,0
Wade Gaynor,sa501211,0
Wade Hinkle,sa658642,0
Wade Kirkland,sa549069,0
Wade Moore,sa549308,0
Wade Wass,sa658231,0
Wagner Mateo,sa548057,0
Walker Gourley,sa501688,0
Wally Crancer,sa388387,0
Walter Ibarra,sa314143,0
Wande Olabisi,sa502648,0
Wander Ramos,sa507032,0
Wang-Wei Lin,sa393001,0
Warren Schaeffer,sa390281,0
Wascar Adames,sa505250,0
Wascar Rodriguez,sa658204,0
Wayne Taylor,sa599157,0
Webster Rivas,14636,0
Welington Dotel,sa328836,0
Welinson Baez,sa244326,0
Welinton Ramirez,sa455714,0
Wendell Fairley,sa389910,0
Wendell Soto,sa548269,0
Wes Bankston,4661,0
Wes Cunningham,sa549273,0
Wes Darvill,sa501490,0
Wes Freeman,sa455318,0
Wes Hatton,sa501448,0
Wes Hodges,sa326543,0
Wes Rogers,sa658668,0
Wes Schill,sa599087,0
Wesley Jones,sa738481,0
Westley Moss,sa503027,0
Whitney Robbins,sa326708,0
Wilber Torres,sa657476,0
Wilberto Ortiz,sa329326,0
Wilfred Pichardo,sa455997,0
Wilfredo Gimenez,sa504051,0
Wilfredo Rodriguez,sa658032,0
Wilfredo Solano,sa547778,0
Wilfredo Tovar,10416,0
Wilfrel Estevez,sa506266,0
Wilkin Castillo,5124,0
Wilkin Ramirez,5219,0
Wilkyns Jimenez,sa657572,0
Will Allen,sa550032,0
Will Kengor,sa829584,0
Will Maddox,sa827323,0
Will Piwnica-Worms,sa546827,0
Will Rhymes,9802,0
Will Skinner,sa598620,0
Will Swanner,sa549202,0
William Beckwith,sa549500,0
William Cuicas,sa655916,0
Willians Astudillo,15608,0
Willie Argo,sa546652,0
Willie Cabrera,sa326105,0
Willie Carmona,sa621672,0
Willis Figueroa,sa873164,0
Willy Diaz,sa827952,0
Willy Garcia,12956,0
Wilman Rodriguez,sa597512,0
Wilmer Dominguez,sa504988,0
Wilmer Oberto,sa550501,0
Wilmer Romero,sa597120,0
Wilson Amador,sa828306,0
Wilson Garcia,sa596287,0
Wilson Rivera,sa506238,0
Wilson Soriano,sa506304,0
Wilton Infante,sa455711,0
Wilton Martinez,sa596951,0
Wladimir Balentien,3131,0
Wladimir Sutil,sa254761,0
Wondy De Los Santos,sa3001616,0
Wuilmer Becerra,sa659205,0
Wyatt Mathisen,14555,0
Wynston Sawyer,sa548430,0
Wynton Bernard,13408,0
Xavier Avery,8471,0
Xavier Batista,sa506667,0
Xavier Paul,5963,0
Xavier Scruggs,7409,0
Yadiel Rivera,11863,0
Yafistel Roja,sa506295,0
Yair Lopez,sa507244,0
Yamaico Navarro,5665,0
Yan Olmo,sa507267,0
Yan Sanchez,sa828285,0
Yancarlos Ortiz,sa262810,0
Yaniel Cabezas,sa598337,0
Yariel Gonzalez,sa920278,0
Yasiel Balaguert,sa656575,0
Yazy Arbelo,sa549324,0
Ydarqui Marte,sa547839,0
Ydwin Villegas,sa502602,0
Yefri Carvajal,sa329501,0
Yefri Perez,12090,0
Yefry Reyes,sa828492,0
Yeico Aponte,sa503152,0
Yeicok Calderon,sa507137,0
Yeison Asencio,sa548016,0
Yeison Hernandez,sa506831,0
Yeison Melo,sa828150,0
Yeisson Rosario,sa657494,0
Yeixon Ruiz,sa548085,0
Yem Prades,sa596392,0
Yerald Martinez,sa736658,0
Yerison Pena,sa659906,0
Yermin Mercedes,17423,0
Yeudi Grullon,sa737574,0
Yeudy Brazoban,sa502939,0
Yhoxian Medina,sa602515,0
Yidid Batista,sa504779,0
Yimmelvyn Alonzo,sa828296,0
Yoan Aybar,sa829086,0
Yoel Araujo,sa597940,0
Yoel Campusano,sa455599,0
Yoel Gonzalez,sa736904,0
Yohan Silva,sa254502,0
Yojhan Quevedo,sa596365,0
Yonatan Suero,sa547906,0
Yonathan Mejia,sa547836,0
Yonathan Mendoza,sa596904,0
Yonderman Rodriguez,sa455749,0
Yondry Contreras,sa872558,0
Yonki Hernandez,sa547970,0
Yorby Martinez,sa506753,0
Yordany Ramirez,sa201860,0
Yordy Cabrera,sa548243,0
Yordyn Calderon,sa596034,0
Yorman Garcia,sa597049,0
Yovan Gonzalez,sa502678,0
Yowill Espinal,sa455943,0
Ysidro Pierre,sa659448,0
Ysmelin Alcantara,sa192041,0
Yuber Rodriguez,sa244147,0
Yucary De La Cruz,sa506910,0
Yunesky Sanchez,sa381319,0
Yunior Castillo,sa455721,0
Yunior Figueroa,sa502806,0
Yunior Santana,sa657251,0
Yusuf Carter,sa296710,0
Zac Law,sa829413,0
Zac Shepherd,sa830224,0
Zach Borenstein,sa599252,0
Zach Collier,sa454396,0
Zach Cone,sa454512,0
Zach Coppola,sa875612,0
Zach Daeges,sa326803,0
Zach Davis,sa918888,0
Zach Esquerra,sa738331,0
Zach Fisher,sa503821,0
Zach Gentile,sa455401,0
Zach Gibbons,sa857717,0
Zach Green,14973,0
Zach Houchins,sa599235,0
Zach Johnson,sa550332,0
Zach Lutz,3735,0
Zach Nehrir,sa875642,0
Zach Osborne,sa577885,0
Zach Remillard,19788,0
Zach Shank,sa738403,0
Zach Sullivan,sa829083,0
Zach Vincej,13269,0
Zach Voight,sa658512,0
Zach Walters,10622,0
Zach Wilson,sa455493,0
Zach Wright,sa577954,0
Zach Zaneski,sa455900,0
Zack Cox,sa455436,0
Zack Granite,15343,0
Zack Larson,sa658498,0
Zack MacPhee,sa455455,0
Zack Shields,sa875248,0
Zack Zehner,sa829122,0
Zander Wiel,sa857249,0
Zane Evans,sa708968,0
Zeek White,sa874992,0
Zeke DeVoss,sa503303,0
Zelous Wheeler,8822,0
Zoilo Almonte,6732,0
